ibge;name;uf;sphere;cnpj;population;capital
2209971;São João do Arraial;PI;M;01612609000184;8494;0
2210003;São João do Piauí;PI;M;06553655000173;22137;0
2210052;São José do Divino;PI;M;41522111000145;5317;0
2210102;São José do Peixe;PI;M;06554000000110;3300;0
2210201;São José do Piauí;PI;M;06553838000199;6733;0
2210300;São Julião;PI;M;06553846000135;6131;0
2210359;São Lourenço do Piauí;PI;M;41522095000190;4497;0
2210375;São Luis do Piauí;PI;M;01519467000105;2277;0
2210383;São Miguel da Baixa Grande;PI;M;01612623000188;2299;0
2210391;São Miguel do Fidalgo;PI;M;01612611000153;2864;0
2210409;São Miguel do Tapuio;PI;M;06716906000193;17911;0
2210508;São Pedro do Piauí;PI;M;06554810000176;14055;0
2210607;São Raimundo Nonato;PI;M;06772859000103;41139;0
2210623;Sebastião Barros;PI;M;01612805000159;3210;0
2210631;Sebastião Leal;PI;M;01612610000109;4590;0
2210656;Sigefredo Pacheco;PI;M;41522129000147;9623;0
2210706;Simões;PI;M;06553853000137;14664;0
2210805;Simplício Mendes;PI;M;06553952000119;14437;0
2210904;Socorro do Piauí;PI;M;06553671000166;4165;0
2210938;Sussuapara;PI;M;01612755000100;6346;0
2210953;Tamboril do Piauí;PI;M;01616855000104;3040;0
2210979;Tanque do Piauí;PI;M;01612616000186;2319;0
2211001;Teresina;PI;M;06554869000164;905692;1
2211100;União;PI;M;06553606000130;47896;0
2211209;Uruçuí;PI;M;06985832000190;26779;0
2211308;Valença do Piauí;PI;M;06554737000132;23025;0
2211357;Várzea Branca;PI;M;41522103000107;5181;0
2211407;Várzea Grande;PI;M;06554950000144;4520;0
2211506;Vera Mendes;PI;M;01612615000131;3282;0
2211605;Vila Nova do Piauí;PI;M;01612614000197;2972;0
2211704;Wall Ferraz;PI;M;01612612000106;4195;0
2300101;Abaiara;CE;M;07411531000116;10269;0
2300150;Acarape;CE;M;23555170000138;14340;0
2300200;Acaraú;CE;M;07547821000191;69317;0
2300309;Acopiara;CE;M;07847379000119;45937;0
2300408;Aiuaba;CE;M;07568231000145;14115;0
2300507;Alcântaras;CE;M;07598626000190;11795;0
2300606;Altaneira;CE;M;07385503000171;6974;0
2300705;Alto Santo;CE;M;07891666000126;14372;0
2300754;Amontada;CE;M;06582449000191;44584;0
2300804;Antonina do Norte;CE;M;07594500000148;7507;0
2300903;Apuiarés;CE;M;07438468000101;13193;0
2301000;Aquiraz;CE;M;07911696000157;85316;0
2301109;Aracati;CE;M;07684756000146;79205;0
2301208;Aracoiaba;CE;M;07387392000132;26752;0
2301257;Ararendá;CE;M;23718356000160;11532;0
2301307;Araripe;CE;M;07539984000122;20194;0
2301406;Aratuba;CE;M;07387525000170;11427;0
2301505;Arneiroz;CE;M;06748297000154;7615;0
2301604;Assaré;CE;M;07587983000153;22195;0
2301703;Aurora;CE;M;07978042000140;24244;0
2301802;Baixio;CE;M;07520224000173;5821;0
2301851;Banabuiú;CE;M;23444672000191;17667;0
2301901;Barbalha;CE;M;06740278000181;81441;0
2301950;Barreira;CE;M;12459632000105;23474;0
2302008;Barro;CE;M;07620396000119;19569;0
2302057;Barroquinha;CE;M;23478597000180;14998;0
2102077;Bom Lugar;MA;M;01611400000104;12371;0
2102101;Brejo;MA;M;06116743000108;35354;0
2102150;Brejo de Areia;MA;M;01612318000196;9363;0
2102200;Buriti;MA;M;06117071000155;30866;0
2102309;Buriti Bravo;MA;M;06052138000110;22938;0
2102325;Buriticupu;MA;M;01612525000140;56733;0
2102358;Buritirana;MA;M;01601303000122;13125;0
2102374;Cachoeira Grande;MA;M;01612624000122;10032;0
2102408;Cajapió;MA;M;06054266000101;10336;0
2102507;Cajari;MA;M;06469837000160;16680;0
2102556;Campestre do Maranhão;MA;M;01598550000117;12536;0
2102606;Cândido Mendes;MA;M;06059505000108;20440;0
2102705;Cantanhede;MA;M;06156160000100;25059;0
2102754;Capinzal do Norte;MA;M;01613309000110;11681;0
2102804;Carolina;MA;M;12081691000184;24619;0
2102903;Carutapera;MA;M;06903553000130;24906;0
2103000;Caxias;MA;M;06082820000156;163546;0
2103109;Cedral;MA;M;06235006000124;10446;0
2103125;Central do Maranhão;MA;M;01612342000125;7220;0
2103158;Centro do Guilherme;MA;M;01612328000121;12693;0
2103174;Centro Novo do Maranhão;MA;M;01612323000107;16477;0
2103208;Chapadinha;MA;M;06117709000158;84395;0
2103257;Cidelândia;MA;M;01610134000197;13141;0
2103307;Codó;MA;M;06104863000195;118283;0
2103406;Coelho Neto;MA;M;05281738000198;42841;0
2103505;Colinas;MA;M;06113682000125;41788;0
2103554;Conceição do Lago-Açu;MA;M;01612544000177;15278;0
2103604;Coroatá;MA;M;06331110000112;61337;0
2103703;Cururupu;MA;M;05733472000177;32602;0
2103752;Davinópolis;MA;M;01616269000160;14828;0
2103802;Dom Pedro;MA;M;06137293000130;23594;0
2103901;Duque Bacelar;MA;M;06314439000175;10443;0
2104008;Esperantinópolis;MA;M;06376669000169;18734;0
2104057;Estreito;MA;M;07070873000110;34321;0
2104073;Feira Nova do Maranhão;MA;M;01616041000170;8237;0
2104081;Fernando Falcão;MA;M;01612667000108;11219;0
2104099;Formosa da Serra Negra;MA;M;01616684000113;18150;0
2104107;Fortaleza dos Nogueiras;MA;M;06080394000111;12963;0
2104206;Fortuna;MA;M;06140404000167;17347;0
2104305;Godofredo Viana;MA;M;06157051000108;10424;0
2104404;Gonçalves Dias;MA;M;06314827000156;17580;0
1100205;Porto Velho;RO;M;05903125000145;517709;1
1100254;Presidente Médici;RO;M;04632212000142;20443;0
1100262;Rio Crespo;RO;M;63761977000141;3767;0
1100288;Rolim de Moura;RO;M;04394805000118;62959;0
1100296;Santa Luzia D'Oeste;RO;M;15845365000194;7837;0
1100304;Vilhena;RO;M;04092706000181;109651;0
1100320;São Miguel do Guaporé;RO;M;22855167000177;22305;0
1100338;Nova Mamoré;RO;M;22855183000160;28701;0
1100346;Alvorada D'Oeste;RO;M;15845340000190;13720;0
1100379;Alto Alegre dos Parecis;RO;M;84744994000140;12237;0
1100403;Alto Paraíso;RO;M;63762025000142;17467;0
1100452;Buritis;RO;M;01266058000144;30649;0
1100502;Novo Horizonte do Oeste;RO;M;63762009000150;7972;0
1100601;Cacaulândia;RO;M;63762058000192;4292;0
1100700;Campo Novo de Rondônia;RO;M;63762033000199;9095;0
1100809;Candeias do Jamari;RO;M;63761902000160;24313;0
1100908;Castanheiras;RO;M;63761969000103;3450;0
1100924;Chupinguaia;RO;M;01587887000129;10191;0
1100940;Cujubim;RO;M;84736941000188;15877;0
1101005;Governador Jorge Teixeira;RO;M;63761944000100;8340;0
1101104;Itapuã do Oeste;RO;M;63761936000155;9228;0
1101203;Ministro Andreazza;RO;M;63762074000185;6519;0
1101302;Mirante da Serra;RO;M;63787071000104;9657;0
1101401;Monte Negro;RO;M;63761985000198;12168;0
1101435;Nova União;RO;M;00699197000107;6541;0
1101468;Pimenteiras do Oeste;RO;M;01592473000198;2309;0
1101476;Primavera de Rondônia;RO;M;84723030000116;3268;0
1101484;São Felipe D'Oeste;RO;M;84745389000194;5588;0
1101492;São Francisco do Guaporé;RO;M;01254422000156;17557;0
1101500;Seringueiras;RO;M;63761993000134;12965;0
1101559;Teixeirópolis;RO;M;84722933000182;4521;0
1101609;Theobroma;RO;M;84727601000190;8459;0
1101708;Urupá;RO;M;63787097000144;11314;0
1101757;Vale do Anari;RO;M;84722917000190;8220;0
1101807;Vale do Paraíso;RO;M;63786990000155;6790;0
1200013;Acrelândia;AC;M;84306737000127;14712;0
1200054;Assis Brasil;AC;M;04045993000179;8648;0
1200104;Brasiléia;AC;M;04508933000145;28028;0
1200138;Bujari;AC;M;84306620000143;13928;0
1200179;Capixaba;AC;M;84306604000150;10981;0
1200203;Cruzeiro do Sul;AC;M;04012548000102;98916;0
1200252;Epitaciolândia;AC;M;84306588000104;19874;0
1200302;Feijó;AC;M;04005179000120;37764;0
1200328;Jordão;AC;M;84306497000160;9884;0
1200336;Mâncio Lima;AC;M;04059671000189;20479;0
1200344;Manoel Urbano;AC;M;04051207000146;12923;0
1200351;Marechal Thaumaturgo;AC;M;84306463000176;18057;0
1200385;Plácido de Castro;AC;M;04076733000160;17107;0
1200393;Porto Walter;AC;M;63603625000168;11333;0
1200401;Rio Branco;AC;M;04034583000122;389001;1
1200427;Rodrigues Alves;AC;M;84306455000120;15560;0
1200435;Santa Rosa do Purus;AC;M;84306521000161;7217;0
1200450;Senador Guiomard;AC;M;04077251000125;22402;0
1200500;Sena Madureira;AC;M;04513362000137;44049;0
1200609;Tarauacá;AC;M;34693564000179;46816;0
1200708;Xapuri;AC;M;04018560000124;19170;0
1200807;Porto Acre;AC;M;84306661000130;17523;0
1300029;Alvarães;AM;M;04628335000100;16806;0
1300060;Amaturá;AM;M;04628723000190;11533;0
1300086;Anamã;AM;M;04628020000162;9981;0
1300102;Anori;AM;M;04262762000117;18056;0
1300144;Apuí;AM;M;22812960000199;21781;0
1300201;Atalaia do Norte;AM;M;04530713000118;15889;0
1300300;Autazes;AM;M;04477642000137;45960;0
1300409;Barcelos;AM;M;04271037000105;18210;0
1300508;Barreirinha;AM;M;04283040000149;33722;0
1300607;Benjamin Constant;AM;M;04243978000135;40908;0
1300631;Beruri;AM;M;04628111000106;22495;0
1300680;Boa Vista do Ramos;AM;M;04629283000196;26479;0
1300706;Boca do Acre;AM;M;15811318000120;38792;0
1300805;Borba;AM;M;04477568000159;34869;0
1300839;Caapiranga;AM;M;04628046000100;14806;0
1300904;Canutama;AM;M;04247441000143;18109;0
1301001;Carauari;AM;M;04530044000184;31130;0
1301100;Careiro;AM;M;04332995000149;32336;0
1301159;Careiro da Várzea;AM;M;23006331000134;20324;0
1301209;Coari;AM;M;04262432000121;73576;0
1301308;Codajás;AM;M;04263331000256;24572;0
1301407;Eirunepé;AM;M;04190765000192;35793;0
1301506;Envira;AM;M;04530895000127;17985;0
1301605;Fonte Boa;AM;M;04530101000125;28227;0
1301654;Guajará;AM;M;22812242000112;14344;0
1301704;Humaitá;AM;M;04465209000181;63454;0
1301803;Ipixuna;AM;M;04191078000191;25629;0
1301852;Iranduba;AM;M;04628533000173;68862;0
1301902;Itacoatiara;AM;M;04241980000175;113917;0
1301951;Itamarati;AM;M;04628376000104;11956;0
1302009;Itapiranga;AM;M;04495644000159;10955;0
1302108;Japurá;AM;M;04505509000147;9420;0
1302207;Juruá;AM;M;04588596000143;11093;0
1302306;Jutaí;AM;M;04285896000153;28202;0
1302405;Lábrea;AM;M;05830872000109;49469;0
1302504;Manacapuru;AM;M;04274064000131;111751;0
1302553;Manaquiri;AM;M;04641551000195;16211;0
1302603;Manaus;AM;M;04365326000173;2303732;1
1302702;Manicoré;AM;M;04197166000109;58018;0
1302801;Maraã;AM;M;04505640000104;15815;0
1302900;Maués;AM;M;04282869000127;66336;0
1303007;Nhamundá;AM;M;04283578000153;21251;0
1303106;Nova Olinda do Norte;AM;M;04477600000104;28123;0
1303205;Novo Airão;AM;M;04533113000103;16562;0
1303304;Novo Aripuanã;AM;M;04278818000121;25325;0
1303403;Parintins;AM;M;04329736000169;101855;0
1303502;Pauini;AM;M;04530135000110;20229;0
1303536;Presidente Figueiredo;AM;M;04628681000198;33291;0
1303569;Rio Preto da Eva;AM;M;04629697000115;25364;0
1303601;Santa Isabel do Rio Negro;AM;M;04194239000109;13947;0
1303700;Santo Antônio do Içá;AM;M;04532057000192;30679;0
1303809;São Gabriel da Cachoeira;AM;M;04272670000118;57396;0
1303908;São Paulo de Olivença;AM;M;05829577000124;35442;0
1303957;São Sebastião do Uatumã;AM;M;04628418000107;12338;0
1304005;Silves;AM;M;04477634000190;12619;0
1304062;Tabatinga;AM;M;04011805000191;73348;0
1304104;Tapauá;AM;M;04530390000162;20728;0
1304203;Tefé;AM;M;04426383000115;80137;0
1304237;Tonantins;AM;M;04628608000116;20257;0
1304260;Uarini;AM;M;04647079000106;15640;0
1304302;Urucará;AM;M;04477782000105;19617;0
1304401;Urucurituba;AM;M;04502571000185;25965;0
1400027;Amajari;RR;M;01614081000182;16112;0
1400050;Alto Alegre;RR;M;04056206000194;23589;0
1400100;Boa Vista;RR;M;05943030000155;485477;1
1400159;Bonfim;RR;M;04056214000130;15570;0
1400175;Cantá;RR;M;01612682000156;21102;0
1400209;Caracaraí;RR;M;04653408000113;22750;0
1400233;Caroebe;RR;M;01614606000180;12004;0
1400282;Iracema;RR;M;01613028000167;10937;0
1400308;Mucajaí;RR;M;04056198000186;20006;0
1400407;Normandia;RR;M;04056222000187;16323;0
1400456;Pacaraima;RR;M;01612675000154;23112;0
1400472;Rorainópolis;RR;M;01613031000180;37787;0
1400506;São João da Baliza;RR;M;04056248000125;9969;0
1400605;São Luiz;RR;M;04056230000123;7848;0
1400704;Uiramutã;RR;M;01612681000101;16186;0
1500107;Abaetetuba;PA;M;05105127000199;172344;0
1500131;Abel Figueiredo;PA;M;83211375000128;6275;0
1500206;Acará;PA;M;05196548000172;63110;0
1500305;Afuá;PA;M;05119854000105;40473;0
1500347;Água Azul do Norte;PA;M;34671057000134;17596;0
1500404;Alenquer;PA;M;04838793000173;75882;0
1500503;Almeirim;PA;M;05139464000105;36442;0
1500602;Altamira;PA;M;05263116000137;138749;0
1500701;Anajás;PA;M;05849955000131;30247;0
1500800;Ananindeua;PA;M;05058441000168;509227;0
1500859;Anapu;PA;M;01613194000163;35638;0
1500909;Augusto Corrêa;PA;M;04873600000115;47912;0
1500958;Aurora do Pará;PA;M;83267989000121;24193;0
1501006;Aveiro;PA;M;04542916000124;19380;0
1501105;Bagre;PA;M;04876538000115;35147;0
1501204;Baião;PA;M;05425871000170;56850;0
1501253;Bannach;PA;M;01595320000102;4290;0
1501303;Barcarena;PA;M;05058458000115;139076;0
1501402;Belém;PA;M;05055009000113;1397315;1
1501451;Belterra;PA;M;01614112000103;19075;0
1501501;Benevides;PA;M;05058466000161;68962;0
1501576;Bom Jesus do Tocantins;PA;M;22938757000163;19129;0
1501600;Bonito;PA;M;05149083000107;12961;0
1501709;Bragança;PA;M;04873592000107;132489;0
1501725;Brasil Novo;PA;M;34887950000100;27130;0
1501758;Brejo Grande do Araguaia;PA;M;22938773000156;6966;0
1501782;Breu Branco;PA;M;34626440000170;47066;0
1501808;Breves;PA;M;04876389000194;116058;0
1501907;Bujaru;PA;M;05196563000110;25065;0
1501956;Cachoeira do Piriá;PA;M;01612360000107;19223;0
1502004;Cachoeira do Arari;PA;M;04884482000140;25467;0
1502103;Cametá;PA;M;05105283000150;144859;0
1502152;Canaã dos Carajás;PA;M;01613321000124;89524;0
1502202;Capanema;PA;M;05149091000145;75309;0
1502301;Capitão Poço;PA;M;05149109000109;60318;0
1502400;Castanhal;PA;M;05121991000184;209126;0
1502509;Chaves;PA;M;04888111000137;21501;0
1502608;Colares;PA;M;05835939000190;13625;0
1502707;Conceição do Araguaia;PA;M;05070404000175;47144;0
1502756;Concórdia do Pará;PA;M;14145791000152;28270;0
1502764;Cumaru do Norte;PA;M;34670976000193;15150;0
1502772;Curionópolis;PA;M;22938732000160;20975;0
1502806;Curralinho;PA;M;04876710000130;36814;0
1502855;Curuá;PA;M;01613319000155;14954;0
1502905;Curuçá;PA;M;05171939000132;44880;0
1502939;Dom Eliseu;PA;M;22953681000145;62823;0
1502954;Eldorado do Carajás;PA;M;84139633000175;29287;0
1503002;Faro;PA;M;05178272000108;9167;0
1503044;Floresta do Araguaia;PA;M;01613338000181;18595;0
1503077;Garrafão do Norte;PA;M;22980940000127;25558;0
1503093;Goianésia do Pará;PA;M;83211433000113;26703;0
1503101;Gurupá;PA;M;04876397000130;34137;0
1503200;Igarapé-Açu;PA;M;05149117000155;37925;0
1503309;Igarapé-Miri;PA;M;05191333000169;69446;0
1503408;Inhangapi;PA;M;05171921000130;10784;0
1503457;Ipixuna do Pará;PA;M;83268011000184;29264;0
1503507;Irituia;PA;M;05193123000100;32740;0
1503606;Itaituba;PA;M;05138730000177;135369;0
1503705;Itupiranga;PA;M;05077102000129;52201;0
1503754;Jacareacanga;PA;M;10221745000134;26579;0
1503804;Jacundá;PA;M;05854633000180;37726;0
1503903;Juruti;PA;M;05257555000137;54255;0
1504000;Limoeiro do Ajuru;PA;M;05105168000185;32088;0
1504059;Mãe do Rio;PA;M;05363023000184;37473;0
1504109;Magalhães Barata;PA;M;05171947000189;8439;0
1504208;Marabá;PA;M;05853163000130;290975;0
1504307;Maracanã;PA;M;04880258000180;27129;0
1504406;Marapanim;PA;M;05171681000174;28159;0
1504422;Marituba;PA;M;01611666000149;119437;0
1504455;Medicilândia;PA;M;34593525000108;28677;0
1504505;Melgaço;PA;M;04876470000174;30080;0
1504604;Mocajuba;PA;M;05846704000101;28903;0
1504703;Moju;PA;M;05105135000135;91760;0
1504802;Monte Alegre;PA;M;04838496000128;64002;0
1504901;Muaná;PA;M;05105200000122;49648;0
1504950;Nova Esperança do Piriá;PA;M;84263862000105;21304;0
1504976;Nova Ipixuna;PA;M;01612215000126;14400;0
1505007;Nova Timboteua;PA;M;05149125000100;13175;0
1505031;Novo Progresso;PA;M;10221786000120;37054;0
1505064;Novo Repartimento;PA;M;34626416000131;63796;0
1505106;Óbidos;PA;M;05131180000164;55527;0
1505205;Oeiras do Pará;PA;M;04876413000195;36734;0
1505304;Oriximiná;PA;M;05131081000182;72889;0
1505403;Ourém;PA;M;05149133000148;18783;0
1505437;Ourilândia do Norte;PA;M;22980643000181;35252;0
1505486;Pacajá;PA;M;22981427000150;43741;0
1505494;Palestina do Pará;PA;M;83211417000120;7063;0
1505502;Paragominas;PA;M;05193057000178;113498;0
1505536;Parauapebas;PA;M;22980999000115;305771;0
1505551;Pau D'Arco;PA;M;34671016000148;7354;0
1505601;Peixe-Boi;PA;M;05149158000141;8686;0
1505635;Piçarra;PA;M;01612163000198;13366;0
1505650;Placas;PA;M;01611858000155;18510;0
2506608;Ibiara;PB;M;08943268000179;5713;0
2506707;Imaculada;PB;M;08883969000160;10497;0
2506806;Ingá;PB;M;08810350000125;18234;0
2506905;Itabaiana;PB;M;09072430000193;23558;0
2507002;Itaporanga;PB;M;08940694000159;24766;0
2507101;Itapororoca;PB;M;09165176000178;19165;0
2507200;Itatuba;PB;M;08865628000161;10840;0
2507309;Jacaraú;PB;M;08947699000103;14969;0
2507408;Jericó;PB;M;08931495000184;7728;0
2507507;João Pessoa;PB;M;08778326000156;897633;1
2507606;Juarez Távora;PB;M;08919490000136;8088;0
2507705;Juazeirinho;PB;M;08996886000187;17520;0
2507804;Junco do Seridó;PB;M;09084054000157;7019;0
2507903;Juripiranga;PB;M;08865933000153;10255;0
2508000;Juru;PB;M;08888950000106;9380;0
2508109;Lagoa;PB;M;09151796000158;4489;0
2508208;Lagoa de Dentro;PB;M;09071622000185;8123;0
2508307;Lagoa Seca;PB;M;08997611000168;29209;0
2508406;Lastro;PB;M;08999716000156;3316;0
2508505;Livramento;PB;M;08738916000155;7041;0
2508554;Logradouro;PB;M;01612986000113;5107;0
2508604;Lucena;PB;M;08924813000180;13088;0
2508703;Mãe d'Água;PB;M;09084088000141;3599;0
2508802;Malta;PB;M;09151861000145;6288;0
2508901;Mamanguape;PB;M;08898124000148;46966;0
2509008;Manaíra;PB;M;09148131000195;10699;0
2509057;Marcação;PB;M;01612351000116;9537;0
2509107;Mari;PB;M;08917106000166;22170;0
2509156;Marizópolis;PB;M;01612941000149;7001;0
2509206;Massaranduba;PB;M;08739138000119;14756;0
2509305;Mataraca;PB;M;08898256000170;8650;0
2509339;Matinhas;PB;M;01612641000160;4759;0
2509370;Mato Grosso;PB;M;01613316000111;2584;0
2509396;Maturéia;PB;M;01612689000178;6717;0
2509404;Mogeiro;PB;M;08866501000167;14435;0
2509503;Montadas;PB;M;08739351000120;6144;0
2509602;Monte Horebe;PB;M;08924011000170;4429;0
2509701;Monteiro;PB;M;09073628000191;33886;0
2509800;Mulungu;PB;M;08786865000137;8909;0
2509909;Natuba;PB;M;09072448000195;8935;0
2510006;Nazarezinho;PB;M;08999708000100;7394;0
2510105;Nova Floresta;PB;M;08739625000181;9840;0
2510204;Nova Olinda;PB;M;08889297000108;5897;0
2510303;Nova Palmeira;PB;M;08739930000173;4359;0
2510402;Olho d'Água;PB;M;08944076000187;6059;0
2510501;Olivedos;PB;M;08740102000155;3675;0
2510600;Ouro Velho;PB;M;08872459000197;3000;0
2510659;Parari;PB;M;01612532000142;1745;0
2510709;Passagem;PB;M;08876104000176;2580;0
2510808;Patos;PB;M;09084815000170;108104;0
2510907;Paulista;PB;M;08945727000153;12172;0
2511004;Pedra Branca;PB;M;08889826000165;3851;0
2511103;Pedra Lavrada;PB;M;08740466000135;6980;0
2511202;Pedras de Fogo;PB;M;09072455000197;31356;0
2511301;Piancó;PB;M;09148727000195;17088;0
2511400;Picuí;PB;M;08741399000173;18862;0
2511509;Pilar;PB;M;08867780000183;12889;0
2511608;Pilões;PB;M;08786626000187;6974;0
2511707;Pilõezinhos;PB;M;08788903000190;5539;0
2511806;Pirpirituba;PB;M;08789299000117;9411;0
2511905;Pitimbu;PB;M;08916785000159;17166;0
2512002;Pocinhos;PB;M;08741688000172;18038;0
2512036;Poço Dantas;PB;M;01615653000148;3934;0
2512077;Poço de José de Moura;PB;M;01615784000125;4126;0
2104503;Governador Archer;MA;M;06138150000142;10476;0
2104552;Governador Edison Lobão;MA;M;01597627000134;18963;0
2104602;Governador Eugênio Barros;MA;M;06101117000148;14264;0
2104628;Governador Luiz Rocha;MA;M;01578554000133;7216;0
2104651;Governador Newton Bello;MA;M;01615124000144;10993;0
2104677;Governador Nunes Freire;MA;M;01612834000110;23526;0
2104701;Graça Aranha;MA;M;06140594000112;6160;0
2104800;Grajaú;MA;M;06377063000148;76837;0
2104909;Guimarães;MA;M;05505334000130;10439;0
2105005;Humberto de Campos;MA;M;06222616000193;26550;0
2105104;Icatu;MA;M;05296298000142;25332;0
2105153;Igarapé do Meio;MA;M;01612346000103;14383;0
2105203;Igarapé Grande;MA;M;06323208000128;10461;0
2105302;Imperatriz;MA;M;06158455000116;285806;0
2105351;Itaipava do Grajaú;MA;M;01612546000166;14142;0
2105401;Itapecuru Mirim;MA;M;05648696000180;62264;0
2105427;Itinga do Maranhão;MA;M;01614537000104;22896;0
2105450;Jatobá;MA;M;01616678000166;7593;0
2105476;Jenipapo dos Vieiras;MA;M;01614441000146;17529;0
2105500;João Lisboa;MA;M;07000300000110;25311;0
2105609;Joselândia;MA;M;06376974000150;15227;0
2105658;Junco do Maranhão;MA;M;01612334000189;5282;0
2105708;Lago da Pedra;MA;M;06021810000100;45865;0
2105807;Lago do Junco;MA;M;06460026000107;9687;0
2105906;Lago Verde;MA;M;06021174000117;15069;0
2105922;Lagoa do Mato;MA;M;01613315000177;10806;0
2105948;Lago dos Rodrigues;MA;M;01612541000133;8962;0
2105963;Lagoa Grande do Maranhão;MA;M;01612337000112;11731;0
2105989;Lajeado Novo;MA;M;01598548000148;7232;0
2106003;Lima Campos;MA;M;06933519000109;11559;0
2106102;Loreto;MA;M;06229538000159;11884;0
2106201;Luís Domingues;MA;M;05292594000175;7366;0
2106300;Magalhães de Almeida;MA;M;06988976000109;13933;0
2106326;Maracaçumé;MA;M;01612336000178;21730;0
2106359;Marajá do Sena;MA;M;01555070000179;7153;0
2106375;Maranhãozinho;MA;M;01612327000187;14092;0
2106409;Mata Roma;MA;M;06119945000103;17581;0
2106508;Matinha;MA;M;06158729000177;22540;0
2106607;Matões;MA;M;06114631000118;33327;0
2106631;Matões do Norte;MA;M;01612831000187;18021;0
2106672;Milagres do Maranhão;MA;M;01612319000130;9065;0
2106706;Mirador;MA;M;06140818000196;21536;0
2106755;Miranda do Norte;MA;M;12553806000196;24373;0
2106805;Mirinzal;MA;M;06342240000150;14298;0
2106904;Monção;MA;M;06190243000116;28563;0
2107001;Montes Altos;MA;M;06759104000160;9306;0
2107100;Morros;MA;M;05489935000105;19015;0
2107209;Nina Rodrigues;MA;M;06124408000151;14589;0
2107258;Nova Colinas;MA;M;01608768000105;5148;0
2107308;Nova Iorque;MA;M;05303565000161;4409;0
2107357;Nova Olinda do Maranhão;MA;M;01612625000177;14379;0
2107407;Olho d'Água das Cunhãs;MA;M;06014005000150;18288;0
2107456;Olinda Nova do Maranhão;MA;M;01612629000155;13921;0
2107506;Paço do Lumiar;MA;M;06003636000173;153158;0
2107605;Palmeirândia;MA;M;06209936000103;21657;0
2107704;Paraibano;MA;M;05303144000130;18589;0
2107803;Parnarama;MA;M;06115117000105;32232;0
2107902;Passagem Franca;MA;M;10438570000111;17591;0
2108009;Pastos Bons;MA;M;05277173000175;19266;0
2108058;Paulino Neves;MA;M;01562914000109;17578;0
2108108;Paulo Ramos;MA;M;06029524000191;20798;0
2108207;Pedreiras;MA;M;06184253000149;38252;0
2108256;Pedro do Rosário;MA;M;01614946000100;24955;0
2108306;Penalva;MA;M;06179402000181;33496;0
2108405;Peri Mirim;MA;M;41611856000180;11229;0
2108454;Peritoró;MA;M;01612537000175;20903;0
2108504;Pindaré-Mirim;MA;M;06189344000177;32542;0
2108603;Pinheiro;MA;M;06200745000180;88091;0
2108702;Pio XII;MA;M;06447833000181;22374;0
2108801;Pirapemas;MA;M;07623366000166;18132;0
2108900;Poção de Pedras;MA;M;06202808000138;17394;0
2109007;Porto Franco;MA;M;06208946000124;24571;0
2109056;Porto Rico do Maranhão;MA;M;01612542000188;6092;0
2109106;Presidente Dutra;MA;M;06138366000108;46606;0
2109205;Presidente Juscelino;MA;M;06003891000116;11616;0
2109239;Presidente Médici;MA;M;01612320000165;4717;0
2109270;Presidente Sarney;MA;M;01613745000199;17925;0
2109304;Presidente Vargas;MA;M;06124739000191;10791;0
2109403;Primeira Cruz;MA;M;06240352000109;13920;0
2109452;Raposa;MA;M;01612325000198;32156;0
2109502;Riachão;MA;M;05282801000100;22740;0
2109551;Ribamar Fiquene;MA;M;01598547000101;7601;0
2109601;Rosário;MA;M;41479569000169;39761;0
2109700;Sambaíba;MA;M;06229397000174;6234;0
2109759;Santa Filomena do Maranhão;MA;M;01612632000179;6833;0
2109809;Santa Helena;MA;M;06226583000150;43200;0
2109908;Santa Inês;MA;M;06198949000124;88249;0
2110005;Santa Luzia;MA;M;06191001000147;58839;0
2110039;Santa Luzia do Paruá;MA;M;12511093000106;24890;0
2110104;Santa Quitéria do Maranhão;MA;M;06232615000120;24495;0
2110203;Santa Rita;MA;M;63441836000141;38542;0
2110237;Santana do Maranhão;MA;M;01612830000132;10759;0
2110278;Santo Amaro do Maranhão;MA;M;01612671000176;14287;0
2110302;Santo Antônio dos Lopes;MA;M;06172720000110;14628;0
2110401;São Benedito do Rio Preto;MA;M;06398150000181;18810;0
2110500;São Bento;MA;M;06214258000177;48166;0
2110609;São Bernardo;MA;M;06125389000188;27910;0
2110658;São Domingos do Azeitão;MA;M;01612333000134;8236;0
2110708;São Domingos do Maranhão;MA;M;06113690000171;35247;0
2110807;São Félix de Balsas;MA;M;05490420000117;4491;0
2110856;São Francisco do Brejão;MA;M;01616680000135;9202;0
2110906;São Francisco do Maranhão;MA;M;06089163000179;12360;0
2111003;São João Batista;MA;M;35101369000175;18889;0
2111029;São João do Carú;MA;M;01612344000114;12360;0
2111052;São João do Paraíso;MA;M;01597629000123;10091;0
2111078;São João do Soter;MA;M;01612628000100;17253;0
2111102;São João dos Patos;MA;M;06089668000133;25910;0
2111201;São José de Ribamar;MA;M;06351514000178;259164;0
2111250;São José dos Basílios;MA;M;01616769000100;7094;0
2111300;São Luís;MA;M;06307102000130;1089215;1
2111409;São Luís Gonzaga do Maranhão;MA;M;06460018000152;18123;0
2111508;São Mateus do Maranhão;MA;M;06019491000107;40177;0
2111532;São Pedro da Água Branca;MA;M;01613956000121;14786;0
2111573;São Pedro dos Crentes;MA;M;01577844000162;5993;0
2111607;São Raimundo das Mangabeiras;MA;M;06651616000109;19158;0
2111631;São Raimundo do Doca Bezerra;MA;M;01611836000195;5761;0
2111672;São Roberto;MA;M;01612348000100;4577;0
2111706;São Vicente Ferrer;MA;M;06421119000114;19865;0
2111722;Satubinha;MA;M;01611895000163;8821;0
2111748;Senador Alexandre Costa;MA;M;01566688000134;10447;0
2111763;Senador La Rocque;MA;M;01598970000101;15044;0
2111789;Serrano do Maranhão;MA;M;01612626000111;10475;0
2111805;Sítio Novo;MA;M;05631031000164;17464;0
2111904;Sucupira do Norte;MA;M;06896534000124;10471;0
2111953;Sucupira do Riachão;MA;M;01612338000167;5081;0
2112001;Tasso Fragoso;MA;M;06997563000182;9130;0
2112100;Timbiras;MA;M;06424618000165;27328;0
2112209;Timon;MA;M;06115307000114;182711;0
2112233;Trizidela do Vale;MA;M;01558070000122;23097;0
2112274;Tufilândia;MA;M;01612631000124;5633;0
2112308;Tuntum;MA;M;06138911000166;37364;0
2112407;Turiaçu;MA;M;63451363000163;38993;0
2112456;Turilândia;MA;M;01612533000197;33219;0
2112506;Tutóia;MA;M;06218572000128;55076;0
2112605;Urbano Santos;MA;M;05505839000103;34143;0
1718659;Rio da Conceição;TO;M;33262536000134;1827;0
1718709;Rio dos Bois;TO;M;37420932000101;2845;0
1718758;Rio Sono;TO;M;00000729000168;4718;0
1718808;Sampaio;TO;M;25086828000135;4397;0
1718840;Sandolândia;TO;M;37344355000108;3900;0
1718865;Santa Fé do Araguaia;TO;M;25063918000100;7533;0
1718881;Santa Maria do Tocantins;TO;M;37421039000192;2716;0
1718899;Santa Rita do Tocantins;TO;M;01613127000149;2299;0
1718907;Santa Rosa do Tocantins;TO;M;24851503000139;4799;0
1719004;Santa Tereza do Tocantins;TO;M;25086844000128;2907;0
1720002;Santa Terezinha do Tocantins;TO;M;01634030000112;2461;0
1720101;São Bento do Tocantins;TO;M;25063983000136;6004;0
1720150;São Félix do Tocantins;TO;M;26753145000157;1897;0
1720200;São Miguel do Tocantins;TO;M;25064007000106;14116;0
1720259;São Salvador do Tocantins;TO;M;37344371000109;2356;0
1720309;São Sebastião do Tocantins;TO;M;00766733000131;4182;0
1720499;São Valério;TO;M;25043449000168;4554;0
1720655;Silvanópolis;TO;M;00114819000180;5259;0
1720804;Sítio Novo do Tocantins;TO;M;00766717000149;11446;0
1720853;Sucupira;TO;M;37344439000141;1591;0
1720903;Taguatinga;TO;M;02306900000197;14199;0
1720937;Taipas do Tocantins;TO;M;33261694000170;2092;0
1720978;Talismã;TO;M;01612820000105;2505;0
1721000;Palmas;TO;M;24851511000185;328499;1
1721109;Tocantínia;TO;M;02070712000102;7802;0
1721208;Tocantinópolis;TO;M;01224716000135;23225;0
1721257;Tupirama;TO;M;01613619000134;2024;0
1721307;Tupiratins;TO;M;37420692000137;1886;0
1722081;Wanderlândia;TO;M;00001636000158;10734;0
1722107;Xambioá;TO;M;02087211000139;10636;0
2100055;Açailândia;MA;M;07000268000172;110611;0
2100105;Afonso Cunha;MA;M;06096655000191;6303;0
2100154;Água Doce do Maranhão;MA;M;01612339000101;12461;0
2100204;Alcântara;MA;M;06000244000150;18721;0
2100303;Aldeias Altas;MA;M;06096853000155;23776;0
2100402;Altamira do Maranhão;MA;M;06021323000148;6549;0
2100436;Alto Alegre do Maranhão;MA;M;01612326000132;24528;0
2100477;Alto Alegre do Pindaré;MA;M;01612832000121;26321;0
2100501;Alto Parnaíba;MA;M;06997571000129;11392;0
2100550;Amapá do Maranhão;MA;M;01580959000106;7380;0
2100600;Amarante do Maranhão;MA;M;06157846000116;38335;0
2100709;Anajatuba;MA;M;06002372000133;26250;0
2100808;Anapurus;MA;M;06116461000100;14113;0
2100832;Apicum-Açu;MA;M;01612531000106;18033;0
2100873;Araguanã;MA;M;01612539000164;11297;0
2100907;Araioses;MA;M;06450191000170;40231;0
2100956;Arame;MA;M;12542767000121;26089;0
2101004;Arari;MA;M;06242846000114;30555;0
2101103;Axixá;MA;M;06008569000180;12091;0
2101202;Bacabal;MA;M;06014351000138;107755;0
2101251;Bacabeira;MA;M;01611396000176;17459;0
2101301;Bacuri;MA;M;06151419000120;16591;0
2101350;Bacurituba;MA;M;01612534000131;5375;0
2101400;Balsas;MA;M;06441430000125;105974;0
2101509;Barão de Grajaú;MA;M;06477822000144;19493;0
2101608;Barra do Corda;MA;M;06769798000117;87757;0
2101707;Barreirinhas;MA;M;06217954000137;68234;0
2101731;Belágua;MA;M;01612545000111;8751;0
2101772;Bela Vista do Maranhão;MA;M;01612347000158;12104;0
2101806;Benedito Leite;MA;M;06096218000178;5599;0
2101905;Bequimão;MA;M;41611716000102;19968;0
2101939;Bernardo do Mearim;MA;M;01612345000169;5989;0
2101970;Boa Vista do Gurupi;MA;M;01612331000145;7781;0
2102002;Bom Jardim;MA;M;06229975000172;33936;0
2102036;Bom Jesus das Selvas;MA;M;01612668000152;29606;0
1505700;Ponta de Pedras;PA;M;05132436000158;25736;0
1505809;Portel;PA;M;04876447000180;67580;0
1505908;Porto de Moz;PA;M;05183827000100;44121;0
1506005;Prainha;PA;M;04860854000107;38733;0
1506104;Primavera;PA;M;05149141000194;11379;0
1506112;Quatipuru;PA;M;01612367000129;11838;0
1506138;Redenção;PA;M;04144168000121;92694;0
1506161;Rio Maria;PA;M;04144176000178;19190;0
1506187;Rondon do Pará;PA;M;04780953000170;57031;0
1506195;Rurópolis;PA;M;10222297000193;37198;0
1506203;Salinópolis;PA;M;05149166000198;48663;0
1506302;Salvaterra;PA;M;04888517000110;25687;0
1506351;Santa Bárbara do Pará;PA;M;83334698000109;22530;0
1506401;Santa Cruz do Arari;PA;M;04888830000158;7626;0
1506500;Santa Izabel do Pará;PA;M;05171699000176;79195;0
1506559;Santa Luzia do Pará;PA;M;63887848000102;21295;0
1506583;Santa Maria das Barreiras;PA;M;10249381000109;17065;0
1506609;Santa Maria do Pará;PA;M;05149174000134;25815;0
1506708;Santana do Araguaia;PA;M;05832977000199;30455;0
1506807;Santarém;PA;M;05182233000176;360871;0
1506906;Santarém Novo;PA;M;05149182000180;6355;0
1507003;Santo Antônio do Tauá;PA;M;05059936000101;29234;0
1507102;São Caetano de Odivelas;PA;M;05351614000131;17258;0
1507151;São Domingos do Araguaia;PA;M;83211391000110;21555;0
1507201;São Domingos do Capim;PA;M;05193115000163;32554;0
1507300;São Félix do Xingu;PA;M;05421300000168;64651;0
1507409;São Francisco do Pará;PA;M;05125992000105;15429;0
1507458;São Geraldo do Araguaia;PA;M;10249241000122;24929;0
1507466;São João da Ponta;PA;M;01613320000180;4470;0
1507474;São João de Pirabas;PA;M;22981153000108;21477;0
1507508;São João do Araguaia;PA;M;05854534000107;14293;0
1507607;São Miguel do Guamá;PA;M;05193073000160;55970;0
1507706;São Sebastião da Boa Vista;PA;M;05105143000181;27651;0
1507755;Sapucaia;PA;M;01617317000134;6212;0
1507805;Senador José Porfírio;PA;M;05421110000140;24989;0
1507904;Soure;PA;M;05133863000150;25315;0
1507953;Tailândia;PA;M;22941355000118;75290;0
1507961;Terra Alta;PA;M;34823518000147;10837;0
1507979;Terra Santa;PA;M;23060866000193;19792;0
1508001;Tomé-Açu;PA;M;05196530000170;73058;0
1508035;Tracuateua;PA;M;01612999000192;30494;0
1508050;Trairão;PA;M;10221760000182;15550;0
1508084;Tucumã;PA;M;22981088000102;42883;0
1508100;Tucuruí;PA;M;05251632000141;96119;0
1508126;Ulianópolis;PA;M;83334672000160;39360;0
1508159;Uruará;PA;M;34593541000192;45962;0
1508209;Vigia;PA;M;05351606000195;54062;0
1508308;Viseu;PA;M;04873618000117;62189;0
1508357;Vitória do Xingu;PA;M;34887935000153;16552;0
1508407;Xinguara;PA;M;04144150000120;57768;0
1600055;Serra do Navio;AP;M;34925230000183;5003;0
1600105;Amapá;AP;M;05989116000119;8440;0
1600154;Pedra Branca do Amapari;AP;M;34925131000100;13888;0
1600204;Calçoene;AP;M;05990437000133;11461;0
1600212;Cutias;AP;M;34925198000136;4723;0
1600238;Ferreira Gomes;AP;M;23066814000124;7184;0
1600253;Itaubal;AP;M;34925214000190;6097;0
1600279;Laranjal do Jari;AP;M;23066905000160;37872;0
1600303;Macapá;AP;M;05995766000177;489676;1
1600402;Mazagão;AP;M;05986427000124;23773;0
1600501;Oiapoque;AP;M;05990445000180;30786;0
1600535;Porto Grande;AP;M;34925206000144;19048;0
1600550;Pracuúba;AP;M;34925222000137;4048;0
1600600;Santana;AP;M;23066640000108;118803;0
1600709;Tartarugalzinho;AP;M;23066632000153;13816;0
1600808;Vitória do Jari;AP;M;00720553000119;11899;0
1700251;Abreulândia;TO;M;37425451000180;2682;0
1700301;Aguiarnópolis;TO;M;01634074000142;4502;0
1700350;Aliança do Tocantins;TO;M;25042219000184;5196;0
1700400;Almas;TO;M;01138551000189;6483;0
1700707;Alvorada;TO;M;01800242000122;9128;0
1701002;Ananás;TO;M;00237362000109;10700;0
1701051;Angico;TO;M;25064098000171;2903;0
1701101;Aparecida do Rio Negro;TO;M;25086638000118;5110;0
1701309;Aragominas;TO;M;25063884000154;5330;0
1701903;Araguacema;TO;M;02070621000177;6022;0
1702000;Araguaçu;TO;M;02391407000112;8242;0
1702109;Araguaína;TO;M;01830793000139;183024;0
1702158;Araguanã;TO;M;25063892000109;4300;0
1702208;Araguatins;TO;M;01237403000111;33286;0
1702307;Arapoema;TO;M;00237370000147;5488;0
1702406;Arraias;TO;M;01125780000169;10511;0
1702554;Augustinópolis;TO;M;00237206000130;18237;0
1702703;Aurora do Tocantins;TO;M;01067107000110;3418;0
1702901;Axixá do Tocantins;TO;M;00766725000195;10732;0
1703008;Babaçulândia;TO;M;02401248000190;7636;0
1703057;Bandeirantes do Tocantins;TO;M;01612819000172;3555;0
1703073;Barra do Ouro;TO;M;01612818000128;4667;0
1703107;Barrolândia;TO;M;24851453000190;4890;0
1703206;Bernardo Sayão;TO;M;25086596000115;4307;0
1703305;Bom Jesus do Tocantins;TO;M;37420775000126;4201;0
1703602;Brasilândia do Tocantins;TO;M;37420718000147;2013;0
1703701;Brejinho de Nazaré;TO;M;02884153000174;4774;0
1703800;Buriti do Tocantins;TO;M;25061722000187;10696;0
1703826;Cachoeirinha;TO;M;25064064000187;1982;0
1703842;Campos Lindos;TO;M;25063959000105;8990;0
1703867;Cariri do Tocantins;TO;M;37344397000149;4166;0
1703883;Carmolândia;TO;M;25063868000161;2242;0
1703891;Carrasco Bonito;TO;M;25064023000190;3344;0
1703909;Caseara;TO;M;24851487000184;5028;0
1704105;Centenário;TO;M;37420676000144;2111;0
1704600;Chapada de Areia;TO;M;01625984000169;1574;0
1705102;Chapada da Natividade;TO;M;01613086000190;3176;0
1705508;Colinas do Tocantins;TO;M;01795483000120;36209;0
1705557;Combinado;TO;M;33255043000177;4906;0
1705607;Conceição do Tocantins;TO;M;01067149000150;3942;0
1706001;Couto Magalhães;TO;M;02133098000180;5540;0
1706100;Cristalândia;TO;M;01067156000152;6392;0
1706258;Crixás do Tocantins;TO;M;01612821000141;1494;0
1706506;Darcinópolis;TO;M;25064072000123;6093;0
1707009;Dianópolis;TO;M;01138957000161;17966;0
1707108;Divinópolis do Tocantins;TO;M;24851461000136;7343;0
1707207;Dois Irmãos do Tocantins;TO;M;02070563000181;6352;0
1707306;Dueré;TO;M;01351667000100;4304;0
1707405;Esperantina;TO;M;25064080000170;7385;0
1707553;Fátima;TO;M;00114801000188;3503;0
1707652;Figueirópolis;TO;M;00003848000174;5334;0
1707702;Filadélfia;TO;M;00766709000100;7784;0
1708205;Formoso do Araguaia;TO;M;02075216000141;19473;0
1708254;Tabocão;TO;M;37421112000126;3741;0
1708304;Goianorte;TO;M;25086612000170;4832;0
1709005;Goiatins;TO;M;01832476000151;12851;0
1709302;Guaraí;TO;M;02070548000133;25831;0
1709500;Gurupi;TO;M;01803618000152;90209;0
1709807;Ipueiras;TO;M;01613094000137;1626;0
1710508;Itacajá;TO;M;02411726000142;6959;0
1710706;Itaguatins;TO;M;01395458000150;5160;0
1710904;Itapiratins;TO;M;37425683000139;3685;0
1711100;Itaporã do Tocantins;TO;M;02739753000149;2464;0
1711506;Jaú do Tocantins;TO;M;37344413000101;3396;0
1711803;Juarina;TO;M;37426509000100;2308;0
1711902;Lagoa da Confusão;TO;M;26753137000100;16629;0
1711951;Lagoa do Tocantins;TO;M;37420916000100;3613;0
1712009;Lajeado;TO;M;37420650000104;3559;0
1712157;Lavandeira;TO;M;01618402000117;1676;0
1712405;Lizarda;TO;M;02070571000128;2950;0
1712454;Luzinópolis;TO;M;01631059000140;2811;0
1712504;Marianópolis do Tocantins;TO;M;24851479000138;4793;0
1712702;Mateiros;TO;M;26753129000164;2922;0
1712801;Maurilândia do Tocantins;TO;M;25064015000144;3171;0
1713205;Miracema do Tocantins;TO;M;02070357000171;18679;0
1713304;Miranorte;TO;M;02070720000159;13073;0
1713601;Monte do Carmo;TO;M;01067891000166;5667;0
1713700;Monte Santo do Tocantins;TO;M;01613093000192;2521;0
1713809;Palmeiras do Tocantins;TO;M;25064056000130;4850;0
1713957;Muricilândia;TO;M;25063876000108;3501;0
1714203;Natividade;TO;M;01809474000141;8956;0
1714302;Nazaré;TO;M;00766691000139;4672;0
1714880;Nova Olinda;TO;M;00001602000163;10600;0
1715002;Nova Rosalândia;TO;M;24851495000120;3382;0
1715101;Novo Acordo;TO;M;01067933000169;4118;0
1715150;Novo Alegre;TO;M;33266248000158;1817;0
1715259;Novo Jardim;TO;M;33265943000103;2251;0
1715507;Oliveira de Fátima;TO;M;01629809000140;1220;0
1715705;Palmeirante;TO;M;25064049000139;4905;0
1715754;Palmeirópolis;TO;M;00007401000173;7104;0
1716109;Paraíso do Tocantins;TO;M;00299180000154;55704;0
1716208;Paranã;TO;M;01126556000191;10877;0
1716307;Pau D'Arco;TO;M;25063991000182;4057;0
1716505;Pedro Afonso;TO;M;02070589000120;14895;0
1716604;Peixe;TO;M;02396166000102;9384;0
1716653;Pequizeiro;TO;M;25086604000123;5035;0
1716703;Colméia;TO;M;02070746000105;9155;0
1717008;Pindorama do Tocantins;TO;M;02155331000126;4599;0
1717206;Piraquê;TO;M;25063942000140;2229;0
1717503;Pium;TO;M;01189497000109;7408;0
1717800;Ponte Alta do Bom Jesus;TO;M;01067966000109;4280;0
1717909;Ponte Alta do Tocantins;TO;M;01067974000155;7874;0
1718006;Porto Alegre do Tocantins;TO;M;33254558000152;2960;0
1718204;Porto Nacional;TO;M;00299198000156;69551;0
1718303;Praia Norte;TO;M;25061789000111;9552;0
1718402;Presidente Kennedy;TO;M;01785492000130;3016;0
1718451;Pugmil;TO;M;01615883000107;2223;0
1718501;Recursolândia;TO;M;37421146000110;3454;0
1718550;Riachinho;TO;M;25063926000157;4029;0
2502805;Brejo do Cruz;PB;M;08767154000115;14095;0
2502904;Brejo dos Santos;PB;M;09164716000107;5816;0
2503001;Caaporã;PB;M;08865644000154;21942;0
2503100;Cabaceiras;PB;M;08702862000178;5537;0
2503209;Cabedelo;PB;M;09012493000154;70734;0
2503308;Cachoeira dos Índios;PB;M;08923997000163;9335;0
2503407;Cacimba de Areia;PB;M;08874984000141;3344;0
2503506;Cacimba de Dentro;PB;M;08929648000159;16332;0
2503555;Cacimbas;PB;M;01612686000134;7513;0
2503605;Caiçara;PB;M;09070624000150;6684;0
2503704;Cajazeiras;PB;M;08923971000115;66585;0
2503753;Cajazeirinhas;PB;M;01612687000189;2760;0
2503803;Caldas Brandão;PB;M;08809071000141;5942;0
2503902;Camalaú;PB;M;09073271000141;6327;0
2504009;Campina Grande;PB;M;08993917000146;443911;0
2504033;Capim;PB;M;01612304000172;7446;0
2504074;Caraúbas;PB;M;01612638000146;4067;0
2504108;Carrapateira;PB;M;08924003000123;2365;0
2504157;Casserengue;PB;M;01617975000126;7052;0
2504207;Catingueira;PB;M;08885287000196;4556;0
2504306;Catolé do Rocha;PB;M;09067562000127;32288;0
2504355;Caturité;PB;M;01612640000115;5544;0
2504405;Conceição;PB;M;08943227000182;18731;0
2504504;Condado;PB;M;09151473000164;6629;0
2504603;Conde;PB;M;08916645000180;30007;0
2504702;Congo;PB;M;08870164000181;5124;0
2504801;Coremas;PB;M;08939936000194;14987;0
2504850;Coxixola;PB;M;01612757000107;1888;0
2504900;Cruz do Espírito Santo;PB;M;08902934000120;17821;0
2505006;Cubati;PB;M;08732182000105;7842;0
2505105;Cuité;PB;M;08732174000150;20208;0
2505204;Cuitegi;PB;M;08781791000146;6890;0
2505238;Cuité de Mamanguape;PB;M;01612341000180;6441;0
2505279;Curral de Cima;PB;M;01612372000131;5415;0
2505303;Curral Velho;PB;M;08886947000153;2316;0
2505352;Damião;PB;M;01612636000157;5141;0
2505402;Desterro;PB;M;08925968000130;8314;0
2505501;Vista Serrana;PB;M;09151598000194;3772;0
2505600;Diamante;PB;M;08942229000157;6416;0
2505709;Dona Inês;PB;M;08782146000148;10638;0
2505808;Duas Estradas;PB;M;08787012000110;3360;0
2505907;Emas;PB;M;08944084000123;3036;0
2506004;Esperança;PB;M;08993909000108;32599;0
2506103;Fagundes;PB;M;08737694000156;11307;0
2506202;Frei Martinho;PB;M;08737785000191;2911;0
2506251;Gado Bravo;PB;M;01612651000103;8398;0
2506301;Guarabira;PB;M;08785479000120;60057;0
2506400;Gurinhém;PB;M;08809444000184;14141;0
2506509;Gurjão;PB;M;09073685000170;3352;0
1100015;Alta Floresta D'Oeste;RO;M;15834732000154;22787;0
1100023;Ariquemes;RO;M;04104816000116;109170;0
1100031;Cabixi;RO;M;22855159000120;5664;0
1100049;Cacoal;RO;M;04092714000128;98280;0
1100056;Cerejeiras;RO;M;04914925000107;16966;0
2112704;Vargem Grande;MA;M;05648738000183;44444;0
2112803;Viana;MA;M;06439988000176;53176;0
2112852;Vila Nova dos Martírios;MA;M;01608475000128;10561;0
2112902;Vitória do Mearim;MA;M;05646807000110;31859;0
2113009;Vitorino Freire;MA;M;06018568000116;31920;0
2114007;Zé Doca;MA;M;12122065000199;41815;0
2200053;Acauã;PI;M;01612559000135;6323;0
2200103;Agricolândia;PI;M;06554976000192;5016;0
2200202;Água Branca;PI;M;06554760000127;18095;0
2200251;Alagoinha do Piauí;PI;M;07450778000141;6876;0
2200277;Alegrete do Piauí;PI;M;41522152000131;4707;0
2200301;Alto Longá;PI;M;06554323000103;13729;0
2200400;Altos;PI;M;06554794000111;50094;0
2200459;Alvorada do Gurguéia;PI;M;01612562000159;5474;0
2200509;Amarante;PI;M;06554802000120;17594;0
2200608;Angical do Piauí;PI;M;06554752000180;6991;0
2200707;Anísio de Abreu;PI;M;06553630000170;9649;0
2200806;Antônio Almeida;PI;M;06554018000111;3234;0
2200905;Aroazes;PI;M;06554984000139;5413;0
2200954;Aroeiras do Itaim;PI;M;07165549000185;2777;0
2201002;Arraial;PI;M;06554026000168;4517;0
2201051;Assunção do Piauí;PI;M;01612561000104;7596;0
2201101;Avelino Lopes;PI;M;06554281000100;11118;0
2201150;Baixa Grande do Ribeiro;PI;M;41522178000180;13983;0
2201176;Barra D'Alcântara;PI;M;01612565000192;4099;0
2201200;Barras;PI;M;06554406000100;49703;0
2201309;Barreiras do Piauí;PI;M;06554224000121;3336;0
2201408;Barro Duro;PI;M;06554745000189;6731;0
2201507;Batalha;PI;M;06553903000186;27129;0
2201556;Bela Vista do Piauí;PI;M;01612558000190;4225;0
2201572;Belém do Piauí;PI;M;01612560000160;3515;0
2201606;Beneditinos;PI;M;06554778000129;10093;0
2201705;Bertolínia;PI;M;06554034000104;5715;0
2201739;Betânia do Piauí;PI;M;01612622000133;6596;0
2201770;Boa Hora;PI;M;01612568000126;7140;0
2201804;Bocaina;PI;M;06553689000168;4118;0
2201903;Bom Jesus;PI;M;06554356000153;30658;0
2201919;Bom Princípio do Piauí;PI;M;41522194000172;5805;0
2201929;Bonfim do Piauí;PI;M;41522210000127;6117;0
2201945;Boqueirão do Piauí;PI;M;01612566000137;6751;0
2201960;Brasileira;PI;M;41522236000175;8684;0
2201988;Brejo do Piauí;PI;M;01612567000181;3964;0
2202000;Buriti dos Lopes;PI;M;06554455000135;20130;0
2202026;Buriti dos Montes;PI;M;41522251000113;7517;0
2202059;Cabeceiras do Piauí;PI;M;41522277000161;10466;0
2202075;Cajazeiras do Piauí;PI;M;01612573000139;3135;0
2202083;Cajueiro da Praia;PI;M;01612620000144;8246;0
2202091;Caldeirão Grande do Piauí;PI;M;41522293000154;5602;0
2202109;Campinas do Piauí;PI;M;06553978000167;4964;0
2202117;Campo Alegre do Fidalgo;PI;M;01612564000148;4698;0
2202133;Campo Grande do Piauí;PI;M;01612570000103;6211;0
2202174;Campo Largo do Piauí;PI;M;01612754000165;7669;0
2202208;Campo Maior;PI;M;06716880000183;47119;0
2202251;Canavieira;PI;M;41522319000164;3404;0
2202307;Canto do Buriti;PI;M;06554042000150;19639;0
2202406;Capitão de Campos;PI;M;06553879000185;11362;0
2202455;Capitão Gervásio Oliveira;PI;M;01612569000170;4071;0
2202505;Caracol;PI;M;06553622000123;10546;0
2202539;Caraúbas do Piauí;PI;M;01612617000120;5581;0
2202554;Caridade do Piauí;PI;M;01612575000128;5176;0
2202604;Castelo do Piauí;PI;M;06554315000167;19669;0
2202653;Caxingó;PI;M;01612618000175;5682;0
2202703;Cocal;PI;M;06553895000178;29302;0
2202711;Cocal de Telha;PI;M;01612574000183;5046;0
2202729;Cocal dos Alves;PI;M;01612572000194;6596;0
2202737;Coivaras;PI;M;41522335000157;4249;0
2202752;Colônia do Gurguéia;PI;M;41522350000103;6294;0
2202778;Colônia do Piauí;PI;M;41522376000143;7067;0
2202802;Conceição do Canindé;PI;M;06553697000104;5078;0
2202851;Coronel José Dias;PI;M;41522160000188;4291;0
2202901;Corrente;PI;M;06554257000171;28381;0
2203008;Cristalândia do Piauí;PI;M;06554299000102;7431;0
2203107;Cristino Castro;PI;M;06554364000108;10801;0
2203206;Curimatá;PI;M;06554273000164;11581;0
2203230;Currais;PI;M;01612752000176;4977;0
2203255;Curralinhos;PI;M;01612579000106;4555;0
2203271;Curral Novo do Piauí;PI;M;01612556000100;5191;0
2203305;Demerval Lobão;PI;M;06554885000157;17139;0
2203354;Dirceu Arcoverde;PI;M;07102106000145;7259;0
2203404;Dom Expedito Lopes;PI;M;06553705000112;6410;0
2203420;Domingos Mourão;PI;M;06553911000122;4129;0
2203453;Dom Inocêncio;PI;M;23500002000145;9332;0
2203503;Elesbão Veloso;PI;M;06554844000160;13743;0
2203602;Eliseu Martins;PI;M;06554059000108;4421;0
2203701;Esperantina;PI;M;06554174000182;42710;0
2203750;Fartura do Piauí;PI;M;41522384000190;5426;0
2203800;Flores do Piauí;PI;M;06554158000190;4512;0
2203859;Floresta do Piauí;PI;M;01612578000161;2354;0
2203909;Floriano;PI;M;06554067000154;64393;0
2204006;Francinópolis;PI;M;06554919000103;4481;0
2204105;Francisco Ayres;PI;M;06554075000109;4548;0
2204154;Francisco Macedo;PI;M;01612577000117;2985;0
2204204;Francisco Santos;PI;M;06553713000169;8349;0
2204303;Fronteiras;PI;M;06553721000105;10344;0
2204352;Geminiano;PI;M;01499149000120;5604;0
2204402;Gilbués;PI;M;06554216000185;11193;0
2204501;Guadalupe;PI;M;06554083000147;10480;0
2204550;Guaribas;PI;M;01612576000172;4344;0
2204600;Hugo Napoleão;PI;M;06554927000150;3550;0
2204659;Ilha Grande;PI;M;01612581000185;9522;0
2204709;Inhuma;PI;M;06553739000107;15268;0
2204808;Ipiranga do Piauí;PI;M;06553747000153;9627;0
2204907;Isaías Coelho;PI;M;06553986000103;7867;0
2205003;Itainópolis;PI;M;06553754000155;10969;0
2205102;Itaueira;PI;M;06554091000193;10477;0
2205151;Jacobina do Piauí;PI;M;41522368000105;5711;0
2205201;Jaicós;PI;M;06553762000100;17789;0
2205250;Jardim do Mulato;PI;M;41522343000101;4235;0
2205276;Jatobá do Piauí;PI;M;01612557000146;4560;0
2205300;Jerumenha;PI;M;06554109000157;4606;0
2205359;João Costa;PI;M;01612580000130;3033;0
2205409;Joaquim Pires;PI;M;06554208000139;14265;0
2205458;Joca Marques;PI;M;01612677000143;5552;0
2205508;José de Freitas;PI;M;06554786000175;44689;0
2205516;Juazeiro do Piauí;PI;M;01612582000120;5308;0
2205524;Júlio Borges;PI;M;01612619000110;5501;0
2205532;Jurema;PI;M;01612585000163;4501;0
2205540;Lagoinha do Piauí;PI;M;01612587000152;3044;0
2205557;Lagoa Alegre;PI;M;41522327000100;8464;0
2205565;Lagoa do Barro do Piauí;PI;M;41522301000162;5171;0
2205573;Lagoa de São Francisco;PI;M;01612584000119;6446;0
2205581;Lagoa do Piauí;PI;M;01612583000174;5017;0
2205599;Lagoa do Sítio;PI;M;01612588000105;4559;0
2205607;Landri Sales;PI;M;06554117000101;5309;0
2205706;Luís Correia;PI;M;06554448000133;31901;0
2205805;Luzilândia;PI;M;06554190000175;26143;0
2205854;Madeiro;PI;M;01612586000108;8231;0
2205904;Manoel Emídio;PI;M;06554125000140;5315;0
2205953;Marcolândia;PI;M;41522269000115;8822;0
2206001;Marcos Parente;PI;M;06554133000196;4863;0
2206050;Massapê do Piauí;PI;M;01612591000110;5165;0
2206100;Matias Olímpio;PI;M;06554182000129;10886;0
2206209;Miguel Alves;PI;M;06553614000187;33074;0
2206308;Miguel Leão;PI;M;06554935000104;1355;0
2206357;Milton Brandão;PI;M;01612590000176;6681;0
2206407;Monsenhor Gil;PI;M;06554877000100;10513;0
2206506;Monsenhor Hipólito;PI;M;06553770000148;7762;0
2206605;Monte Alegre do Piauí;PI;M;06554232000178;10928;0
2206654;Morro Cabeça no Tempo;PI;M;01612594000154;4456;0
2206670;Morro do Chapéu do Piauí;PI;M;01612593000100;6548;0
2206696;Murici dos Portelas;PI;M;01612596000143;10210;0
2206704;Nazaré do Piauí;PI;M;06554141000132;6697;0
2206720;Nazária;PI;M;10560403000149;10821;0
2206753;Nossa Senhora de Nazaré;PI;M;01612592000165;5442;0
2206803;Nossa Senhora dos Remédios;PI;M;06554422000195;8751;0
2206902;Novo Oriente do Piauí;PI;M;06554836000114;6158;0
2206951;Novo Santo Antônio;PI;M;01612598000132;2888;0
2207009;Oeiras;PI;M;06553937000170;39687;0
2207108;Olho D'Água do Piauí;PI;M;01612595000107;2730;0
2207207;Padre Marcos;PI;M;06553788000140;6468;0
2207306;Paes Landim;PI;M;06553663000110;4176;0
2207355;Pajeú do Piauí;PI;M;01612602000162;3032;0
2207405;Palmeira do Piauí;PI;M;06554372000146;5047;0
2207504;Palmeirais;PI;M;06554851000162;13458;0
2207553;Paquetá;PI;M;01612601000118;3873;0
2207603;Parnaguá;PI;M;06554265000118;10282;0
2207702;Parnaíba;PI;M;06554430000131;170491;0
2207751;Passagem Franca do Piauí;PI;M;41522186000126;4222;0
2207777;Patos do Piauí;PI;M;41522285000108;5427;0
2207793;Pau D'Arco do Piauí;PI;M;04218211000156;3979;0
2207801;Paulistana;PI;M;06553796000196;21633;0
2207850;Pavussu;PI;M;01612679000132;3697;0
2207900;Pedro II;PI;M;06553929000124;39072;0
2207934;Pedro Laurentino;PI;M;01612600000173;2517;0
2207959;Nova Santa Rita;PI;M;01612599000187;4142;0
2208007;Picos;PI;M;06553804000102;86701;0
2208106;Pimenteiras;PI;M;06554893000101;11487;0
2208205;Pio IX;PI;M;06553812000140;17948;0
2208304;Piracuruca;PI;M;06553887000121;29721;0
2208403;Piripiri;PI;M;06553861000183;67887;0
2208502;Porto;PI;M;06554414000149;12323;0
2208551;Porto Alegre do Piauí;PI;M;01613513000130;2382;0
2208601;Prata do Piauí;PI;M;06636807000100;3096;0
2208650;Queimada Nova;PI;M;41522202000180;8948;0
2208700;Redenção do Gurguéia;PI;M;06554380000192;8565;0
2208809;Regeneração;PI;M;06554943000142;17400;0
2208858;Riacho Frio;PI;M;01612606000140;4238;0
2208874;Ribeira do Piauí;PI;M;01612604000151;4105;0
2208908;Ribeiro Gonçalves;PI;M;06728240000193;6182;0
2209005;Rio Grande do Piauí;PI;M;06554166000136;5845;0
2209104;Santa Cruz do Piauí;PI;M;06553960000165;5872;0
2209153;Santa Cruz dos Milagres;PI;M;41522228000129;3448;0
2209203;Santa Filomena;PI;M;06554240000114;6210;0
2209302;Santa Luz;PI;M;06554398000194;5418;0
2209351;Santana do Piauí;PI;M;41522137000193;4159;0
2209377;Santa Rosa do Piauí;PI;M;41522244000111;4666;0
2209401;Santo Antônio de Lisboa;PI;M;06553820000197;5930;0
2209450;Santo Antônio dos Milagres;PI;M;01612603000107;2169;0
2209500;Santo Inácio do Piauí;PI;M;06553945000117;3682;0
2209559;São Braz do Piauí;PI;M;41522145000130;4454;0
2209609;São Félix do Piauí;PI;M;06554968000146;2879;0
2209658;São Francisco de Assis do Piauí;PI;M;01612678000198;5713;0
1100064;Colorado do Oeste;RO;M;04391512000187;16508;0
1100072;Corumbiara;RO;M;63762041000135;7968;0
1100080;Costa Marques;RO;M;04100020000195;13510;0
1100098;Espigão D'Oeste;RO;M;04695284000139;32842;0
1100106;Guajará-Mirim;RO;M;05893631000109;43594;0
1100114;Jaru;RO;M;04279238000159;55682;0
1100122;Ji-Paraná;RO;M;04092672000125;140101;0
1100130;Machadinho D'Oeste;RO;M;22855142000173;34149;0
1100148;Nova Brasilândia D'Oeste;RO;M;15884109000106;16374;0
1100155;Ouro Preto do Oeste;RO;M;04380507000179;38684;0
1100189;Pimenta Bueno;RO;M;04092680000171;39220;0
2606101;Glória do Goitá;PE;M;11049814000137;30420;0
2606200;Goiana;PE;M;10150043000107;85497;0
2606309;Granito;PE;M;11040888000102;7217;0
2606408;Gravatá;PE;M;11049830000120;92429;0
2606507;Iati;PE;M;11286374000131;17570;0
2606606;Ibimirim;PE;M;10105971000150;28825;0
2606705;Ibirajuba;PE;M;11256062000185;7334;0
2606804;Igarassu;PE;M;10359560000190;123017;0
2606903;Iguaracy;PE;M;11368966000100;11347;0
2607000;Inajá;PE;M;10106219000123;27758;0
2607109;Ingazeira;PE;M;10347888000197;4975;0
2607208;Ipojuca;PE;M;11294386000108;106539;0
2607307;Ipubi;PE;M;11040896000159;30720;0
2607406;Itacuruba;PE;M;10114502000105;4491;0
2607505;Itaíba;PE;M;11286382000188;33995;0
2607604;Ilha de Itamaracá;PE;M;09680315000100;25658;0
2607653;Itambé;PE;M;10150050000109;36652;0
2607703;Itapetim;PE;M;11358157000100;14236;0
2607752;Itapissuma;PE;M;08637399000128;29669;0
2607802;Itaquitinga;PE;M;10150076000157;17142;0
2607901;Jaboatão dos Guararapes;PE;M;10377679000196;684293;0
2607950;Jaqueira;PE;M;01613989000171;10440;0
2608008;Jataúba;PE;M;10091544000160;16328;0
2608057;Jatobá;PE;M;01614878000180;14477;0
2608107;João Alfredo;PE;M;11097359000145;28842;0
2608206;Joaquim Nabuco;PE;M;10192441000196;13416;0
2608255;Jucati;PE;M;35450790000191;12023;0
2608305;Jupi;PE;M;10140978000102;16022;0
2608404;Jurema;PE;M;10141489000175;14002;0
2608453;Lagoa do Carro;PE;M;40893778000191;18804;0
2608503;Lagoa de Itaenga;PE;M;11097250000108;19863;0
2608602;Lagoa do Ouro;PE;M;11286267000103;12367;0
2608701;Lagoa dos Gatos;PE;M;10192854000170;14333;0
2608750;Lagoa Grande;PE;M;01613731000175;24951;0
2608800;Lajedo;PE;M;10143246000176;41960;0
2608909;Limoeiro;PE;M;11097292000149;59236;0
2609006;Macaparana;PE;M;11361888000104;24642;0
2609105;Machados;PE;M;11097375000138;11387;0
2609154;Manari;PE;M;01626099000102;27046;0
2609204;Maraial;PE;M;10193332000193;9322;0
2609303;Mirandiba;PE;M;11043312000107;14605;0
2609402;Moreno;PE;M;11049822000183;57654;0
2609501;Nazaré da Mata;PE;M;10166817000198;32187;0
2609600;Olinda;PE;M;10404184000109;364717;0
2609709;Orobó;PE;M;10294254000113;22412;0
2609808;Orocó;PE;M;10114767000103;14129;0
2609907;Ouricuri;PE;M;11040904000167;68489;0
2610004;Palmares;PE;M;10212447000188;56475;0
2610103;Palmeirina;PE;M;10144038000191;7104;0
2610202;Panelas;PE;M;10215176000114;23337;0
2610301;Paranatama;PE;M;10144426000172;12778;0
2610400;Parnamirim;PE;M;11361235000125;18960;0
2610509;Passira;PE;M;11097300000157;29744;0
2610608;Paudalho;PE;M;11097383000184;59924;0
2610707;Paulista;PE;M;10408839000117;365144;0
2610806;Pedra;PE;M;10106227000170;23671;0
2610905;Pesqueira;PE;M;10264406000135;65481;0
2611002;Petrolândia;PE;M;10106235000116;36104;0
2611101;Petrolina;PE;M;10358190000177;418444;0
2611200;Poção;PE;M;10265429000164;10792;0
2611309;Pombos;PE;M;11049848000121;26942;0
2611408;Primavera;PE;M;11294378000161;14380;0
2611507;Quipapá;PE;M;10145225000190;17731;0
2611533;Quixaba;PE;M;35445527000104;6753;0
2611606;Recife;PE;M;10565000000192;1588376;1
2611705;Riacho das Almas;PE;M;10091551000161;21490;0
2611804;Ribeirão;PE;M;11343910000193;33843;0
2611903;Rio Formoso;PE;M;10291177000148;20388;0
2612000;Sairé;PE;M;10122307000119;11213;0
2612109;Salgadinho;PE;M;11097367000191;5478;0
2612208;Salgueiro;PE;M;11361243000171;65946;0
2612307;Saloá;PE;M;11455714000100;14125;0
2612406;Sanharó;PE;M;11044906000124;18812;0
2612455;Santa Cruz;PE;M;24301475000186;14342;0
2612471;Santa Cruz da Baixa Verde;PE;M;35445485000101;11934;0
2612505;Santa Cruz do Capibaribe;PE;M;10091569000163;104854;0
2612554;Santa Filomena;PE;M;01613732000110;12360;0
2612604;Santa Maria da Boa Vista;PE;M;10358182000120;42782;0
2612703;Santa Maria do Cambucá;PE;M;11361730000134;14586;0
2612802;Santa Terezinha;PE;M;11358140000152;10487;0
2612901;São Benedito do Sul;PE;M;10145803000198;13456;0
2613008;São Bento do Una;PE;M;10091577000100;51165;0
2613107;São Caitano;PE;M;10091585000156;39243;0
2613206;São João;PE;M;10146371000130;24895;0
2613305;São Joaquim do Monte;PE;M;10122661000143;20438;0
2613404;São José da Coroa Grande;PE;M;10111631000131;19511;0
2613503;São José do Belmonte;PE;M;10280055000156;36890;0
2613602;São José do Egito;PE;M;11354180000126;32508;0
2613701;São Lourenço da Mata;PE;M;11251832000105;118258;0
2613800;São Vicente Ferrer;PE;M;11361896000150;17177;0
2613909;Serra Talhada;PE;M;10282945000105;98816;0
2614006;Serrita;PE;M;11361250000173;18764;0
2614105;Sertânia;PE;M;11358116000113;34271;0
2614204;Sirinhaém;PE;M;10292209000120;39171;0
2614303;Moreilândia;PE;M;11361227000189;10839;0
2614402;Solidão;PE;M;10348050000118;5386;0
2614501;Surubim;PE;M;11361862000166;67821;0
2614600;Tabira;PE;M;10349041000141;29180;0
2614709;Tacaimbó;PE;M;10091601000100;14330;0
2614808;Tacaratu;PE;M;10106243000162;24898;0
2614857;Tamandaré;PE;M;01596018000160;24670;0
2615003;Taquaritinga do Norte;PE;M;10091593000100;25511;0
2615102;Terezinha;PE;M;11286366000195;6853;0
2615201;Terra Nova;PE;M;11361201000130;9231;0
2615300;Timbaúba;PE;M;11361904000169;47312;0
2615409;Toritama;PE;M;11256054000139;43921;0
2615508;Tracunhaém;PE;M;10167310000159;14439;0
2615607;Trindade;PE;M;11040912000103;32257;0
2615706;Triunfo;PE;M;11350659000194;15141;0
2615805;Tupanatinga;PE;M;10106250000164;28141;0
2615904;Tuparetama;PE;M;11358124000160;8261;0
2616001;Venturosa;PE;M;10106268000166;17563;0
2616100;Verdejante;PE;M;11348570000193;9483;0
2616183;Vertente do Lério;PE;M;40893646000160;7776;0
2616209;Vertentes;PE;M;10296887000160;23127;0
2616308;Vicência;PE;M;10168235000140;27151;0
2616407;Vitória de Santo Antão;PE;M;11049855000123;144243;0
2616506;Xexéu;PE;M;12888517000148;11699;0
2700102;Água Branca;AL;M;12350153000148;19550;0
2700201;Anadia;AL;M;12227351000119;14167;0
2700300;Arapiraca;AL;M;12198693000158;243906;0
2700409;Atalaia;AL;M;12200143000126;38480;0
2700508;Barra de Santo Antônio;AL;M;12262713000102;16756;0
2700607;Barra de São Miguel;AL;M;12263869000108;8123;0
2700706;Batalha;AL;M;12250056000183;17103;0
2700805;Belém;AL;M;12227641000162;4819;0
2700904;Belo Monte;AL;M;12250163000101;5895;0
2701001;Boca da Mata;AL;M;12264396000163;21479;0
2701100;Branquinha;AL;M;12332995000177;9779;0
2701209;Cacimbinhas;AL;M;12227971000158;10705;0
2701308;Cajueiro;AL;M;12333738000150;16572;0
2701357;Campestre;AL;M;01631604000107;6808;0
2701407;Campo Alegre;AL;M;12264628000183;32558;0
2701506;Campo Grande;AL;M;12198701000166;8285;0
2701605;Canapi;AL;M;12367892000142;15730;0
2701704;Capela;AL;M;12333753000106;15051;0
2701803;Carneiros;AL;M;12250684000169;9206;0
2701902;Chã Preta;AL;M;12334629000157;6000;0
2702009;Coité do Nóia;AL;M;12198719000168;11036;0
2702108;Colônia Leopoldina;AL;M;12332987000120;15915;0
2702207;Coqueiro Seco;AL;M;12200325000105;5701;0
2702306;Coruripe;AL;M;12264230000147;51784;0
2702355;Craíbas;AL;M;08439549000199;26144;0
2702405;Delmiro Gouveia;AL;M;12224895000127;52845;0
2702504;Dois Riachos;AL;M;12250908000132;9898;0
2702553;Estrela de Alagoas;AL;M;24176307000106;15688;0
2702603;Feira Grande;AL;M;12207528000115;23204;0
2702702;Feliz Deserto;AL;M;12242020000158;4035;0
2702801;Flexeiras;AL;M;12262721000159;9745;0
2702900;Girau do Ponciano;AL;M;12207536000161;37337;0
2703007;Ibateguara;AL;M;12332961000182;13982;0
2703106;Igaci;AL;M;12228375000192;24445;0
2703205;Igreja Nova;AL;M;12242350000143;22113;0
2703304;Inhapi;AL;M;12226197000160;15396;0
2703403;Jacaré dos Homens;AL;M;12250999000106;5180;0
2703502;Jacuípe;AL;M;12247755000174;5419;0
2703601;Japaratinga;AL;M;12247946000136;9457;0
2703700;Jaramataia;AL;M;12207544000108;5069;0
2703759;Jequiá da Praia;AL;M;02917132000108;9607;0
2703809;Joaquim Gomes;AL;M;12262739000150;17342;0
2703908;Jundiá;AL;M;12248100000110;4175;0
2704005;Junqueiro;AL;M;12265468000197;24382;0
2704104;Lagoa da Canoa;AL;M;12207551000100;18836;0
2704203;Limoeiro de Anadia;AL;M;12207403000195;25184;0
2704302;Maceió;AL;M;12200135000180;994952;1
2704401;Major Isidoro;AL;M;12228904000158;17828;0
2704500;Maragogi;AL;M;12248522000196;33269;0
2704609;Maravilha;AL;M;12251286000167;9709;0
2704708;Marechal Deodoro;AL;M;12200275000158;62477;0
2704807;Maribondo;AL;M;12236873000187;13970;0
2704906;Mar Vermelho;AL;M;12333761000144;3208;0
2705002;Mata Grande;AL;M;12226205000179;22126;0
2705101;Matriz de Camaragibe;AL;M;12342663000173;24331;0
2705200;Messias;AL;M;12200283000102;15706;0
2705309;Minador do Negrão;AL;M;12237038000161;4935;0
2705408;Monteirópolis;AL;M;12251450000136;7344;0
2705507;Murici;AL;M;12332953000136;25926;0
2705606;Novo Lino;AL;M;12248878000120;10285;0
2705705;Olho d'Água das Flores;AL;M;12251468000138;21135;0
2705804;Olho d'Água do Casado;AL;M;12350146000146;8522;0
2705903;Olho d'Água Grande;AL;M;12207411000131;4381;0
2706000;Olivença;AL;M;12257762000157;11047;0
2706109;Ouro Branco;AL;M;12258141000198;11706;0
2706208;Palestina;AL;M;12369872000100;4408;0
2706307;Palmeira dos Índios;AL;M;12356879000198;73621;0
2706406;Pão de Açúcar;AL;M;12369880000157;24291;0
2706422;Pariconha;AL;M;35634435000172;10807;0
2706448;Paripueira;AL;M;35561471000153;14199;0
2706505;Passo de Camaragibe;AL;M;12342655000127;14070;0
2706604;Paulo Jacinto;AL;M;12335030000138;6691;0
2919108;Lamarão;BA;M;13844071000112;9303;0
2919157;Lapão;BA;M;13891528000140;27014;0
2919207;Lauro de Freitas;BA;M;13927819000140;219564;0
2919306;Lençóis;BA;M;14694400000159;11194;0
2919405;Licínio de Almeida;BA;M;14108286000138;12202;0
2919504;Livramento de Nossa Senhora;BA;M;13674817000197;46376;0
2919553;Luís Eduardo Magalhães;BA;M;04214419000105;118382;0
2919603;Macajuba;BA;M;13810841000106;10740;0
2919702;Macarani;BA;M;13751540000159;22768;0
2919801;Macaúbas;BA;M;13782461000105;43653;0
2919900;Macururé;BA;M;14217343000117;7435;0
2919926;Madre de Deus;BA;M;33919960000109;19224;0
2919959;Maetinga;BA;M;13284641000167;7218;0
2920007;Maiquinique;BA;M;13751821000101;9009;0
2920106;Mairi;BA;M;14212872000128;18130;0
2920205;Malhada;BA;M;14105217000170;15814;0
2920304;Malhada de Pedras;BA;M;14106561000184;8982;0
2920403;Manoel Vitorino;BA;M;13894886000106;14287;0
2920452;Mansidão;BA;M;13348529000142;14542;0
2920502;Maracás;BA;M;13910203000167;29330;0
2920601;Maragogipe;BA;M;13784384000122;37041;0
2920700;Maraú;BA;M;13848973000127;25804;0
2920809;Marcionílio Souza;BA;M;13765219000123;9475;0
2920908;Mascote;BA;M;13818018000147;13918;0
2921005;Mata de São João;BA;M;13805528000180;44962;0
2921054;Matina;BA;M;16417800000142;10611;0
2921104;Medeiros Neto;BA;M;13786520000113;22801;0
2921203;Miguel Calmon;BA;M;13913363000160;25263;0
2921302;Milagres;BA;M;13720263000117;11436;0
2921401;Mirangaba;BA;M;13913371000106;16167;0
2921450;Mirante;BA;M;16416521000164;10526;0
2921500;Monte Santo;BA;M;13698766000133;49807;0
2921609;Morpará;BA;M;13798574000107;8220;0
2921708;Morro do Chapéu;BA;M;13717517000148;35235;0
2921807;Mortugaba;BA;M;13677687000146;11477;0
2921906;Mucugê;BA;M;13922562000134;12712;0
2922003;Mucuri;BA;M;13761705000173;40114;0
2922052;Mulungu do Morro;BA;M;16445876000181;13648;0
2922102;Mundo Novo;BA;M;13795380000140;17197;0
2922201;Muniz Ferreira;BA;M;13796461000164;7453;0
2922250;Muquém de São Francisco;BA;M;16440778000151;10803;0
2922300;Muritiba;BA;M;13828504000146;30180;0
2922409;Mutuípe;BA;M;13827035000140;20590;0
2922508;Nazaré;BA;M;13797188000192;28427;0
2922607;Nilo Peçanha;BA;M;13758313000155;12399;0
2922656;Nordestina;BA;M;13347539000163;19711;0
2922706;Nova Canaã;BA;M;13858675000118;13970;0
2922730;Nova Fátima;BA;M;16444069000144;8283;0
2922755;Nova Ibiá;BA;M;32697583000148;6696;0
2922805;Nova Itarana;BA;M;13892187000127;8073;0
2922854;Nova Redenção;BA;M;16245334000165;7670;0
2922904;Nova Soure;BA;M;13904420000144;24865;0
2923001;Nova Viçosa;BA;M;13761531000149;41629;0
2923035;Novo Horizonte;BA;M;16255077000142;11586;0
2923050;Novo Triunfo;BA;M;16298945000171;11060;0
2923100;Olindina;BA;M;13647854000106;22956;0
2923209;Oliveira dos Brejinhos;BA;M;13798905000109;21323;0
2923308;Ouriçangas;BA;M;13648043000120;7925;0
2923357;Ourolândia;BA;M;16444150000124;20141;0
2923407;Palmas de Monte Alto;BA;M;13982590000147;20666;0
2923506;Palmeiras;BA;M;13922638000121;10894;0
2923605;Paramirim;BA;M;13675491000112;21025;0
2923704;Paratinga;BA;M;14105225000117;30680;0
2923803;Paripiranga;BA;M;14215826000182;27860;0
2923902;Pau Brasil;BA;M;13682299000153;9537;0
2924009;Paulo Afonso;BA;M;14217327000124;119418;0
2924058;Pé de Serra;BA;M;13232913000185;13677;0
2924108;Pedrão;BA;M;13648241000193;6403;0
2924207;Pedro Alexandre;BA;M;14216238000163;14226;0
2924306;Piatã;BA;M;13675681000130;20938;0
2924405;Pilão Arcado;BA;M;13692033000191;37388;0
2924504;Pindaí;BA;M;13982624000101;15125;0
2924603;Pindobaçu;BA;M;13908710000166;19601;0
2924652;Pintadas;BA;M;13896725000151;10654;0
2924678;Piraí do Norte;BA;M;13071220000158;11481;0
2924702;Piripá;BA;M;13694658000192;9143;0
2924801;Piritiba;BA;M;13795786000122;17697;0
2924900;Planaltino;BA;M;13769021000118;8239;0
2925006;Planalto;BA;M;13858907000138;24026;0
2925105;Poções;BA;M;14242200000165;50773;0
2925204;Pojuca;BA;M;13806237000106;33573;0
2925253;Ponto Novo;BA;M;16444143000122;18763;0
2925303;Porto Seguro;BA;M;13635016000112;182630;0
2925402;Potiraguá;BA;M;13752191000190;10651;0
2925501;Prado;BA;M;13761713000110;37533;0
2925600;Presidente Dutra;BA;M;13717798000139;15677;0
2925709;Presidente Jânio Quadros;BA;M;14120539000199;12963;0
2925758;Presidente Tancredo Neves;BA;M;13071253000106;29489;0
2925808;Queimadas;BA;M;14218952000190;27429;0
2925907;Quijingue;BA;M;13698782000126;26443;0
2925931;Quixabeira;BA;M;16443723000103;9839;0
2925956;Rafael Jambeiro;BA;M;13195862000169;20081;0
2926004;Remanso;BA;M;13909247000177;42855;0
2926103;Retirolândia;BA;M;13844220000143;14174;0
2926202;Riachão das Neves;BA;M;14100747000126;22329;0
2926301;Riachão do Jacuípe;BA;M;14043269000160;35188;0
2926400;Riacho de Santana;BA;M;14105191000160;32060;0
2926509;Ribeira do Amparo;BA;M;13809405000117;14528;0
2926608;Ribeira do Pombal;BA;M;13809397000109;56316;0
2926657;Ribeirão do Largo;BA;M;16418683000131;10029;0
2926707;Rio de Contas;BA;M;14263859000106;13634;0
2926806;Rio do Antônio;BA;M;13678008000153;13495;0
2926905;Rio do Pires;BA;M;13783279000179;10781;0
2927002;Rio Real;BA;M;15088800000183;36966;0
2927101;Rodelas;BA;M;14217350000119;10884;0
2927200;Ruy Barbosa;BA;M;13810833000160;29590;0
2927309;Salinas da Margarida;BA;M;13743281000114;15629;0
2706703;Penedo;AL;M;12243697000100;60185;0
2706802;Piaçabuçu;AL;M;12247268000101;16192;0
2706901;Pilar;AL;M;12200150000128;36525;0
2707008;Pindoba;AL;M;12335436000110;2786;0
2707107;Piranhas;AL;M;12225546000120;23053;0
2707206;Poço das Trincheiras;AL;M;12259040000131;12965;0
2707305;Porto Calvo;AL;M;12366720000154;24509;0
2707404;Porto de Pedras;AL;M;08629446000191;9517;0
2707503;Porto Real do Colégio;AL;M;12207429000133;20273;0
2707602;Quebrangulo;AL;M;12241675000101;11303;0
2707701;Rio Largo;AL;M;12200168000120;97658;0
2707800;Roteiro;AL;M;12264248000149;6606;0
2707909;Santa Luzia do Norte;AL;M;12200317000150;7066;0
2708006;Santana do Ipanema;AL;M;12250916000189;47418;0
2708105;Santana do Mundaú;AL;M;12332979000184;11572;0
2708204;São Brás;AL;M;12207437000180;6557;0
2708303;São José da Laje;AL;M;12330916000199;21180;0
2708402;São José da Tapera;AL;M;12261228000114;31569;0
2708501;São Luís do Quitunde;AL;M;12342671000110;31785;0
2708600;São Miguel dos Campos;AL;M;12264222000109;53380;0
2708709;São Miguel dos Milagres;AL;M;12364881000109;8700;0
2708808;São Sebastião;AL;M;12247631000199;32707;0
2708907;Satuba;AL;M;12200333000143;25105;0
2708956;Senador Rui Palmeira;AL;M;12421137000107;12545;0
2709004;Tanque d'Arca;AL;M;12241865000129;5906;0
2709103;Taquarana;AL;M;12207445000126;19428;0
2709152;Teotônio Vilela;AL;M;12842829000110;39143;0
2709202;Traipu;AL;M;12207452000128;24106;0
2709301;União dos Palmares;AL;M;12332946000134;60860;0
2709400;Viçosa;AL;M;12333746000104;24414;0
2800100;Amparo de São Francisco;SE;M;13110564000129;2202;0
2800209;Aquidabã;SE;M;13000609000102;20556;0
2800308;Aracaju;SE;M;13128780000100;630932;1
2800407;Arauá;SE;M;13095260000130;10464;0
2800506;Areia Branca;SE;M;13100995000104;18626;0
2800605;Barra dos Coqueiros;SE;M;13128863000190;45175;0
2800670;Boquim;SE;M;13097068000182;25007;0
2209708;São Francisco do Piauí;PI;M;06553994000150;5358;0
2209757;São Gonçalo do Gurguéia;PI;M;01612607000195;3026;0
2209807;São Gonçalo do Piauí;PI;M;06554828000178;4985;0
2209856;São João da Canabrava;PI;M;12066973000102;4359;0
2209872;São João da Fronteira;PI;M;01612608000130;5608;0
2209906;São João da Serra;PI;M;06554331000150;6232;0
2209955;São João da Varjota;PI;M;01612676000107;4430;0
4108304;Foz do Iguaçu;PR;M;76206606000140;297352;0
4108320;Francisco Alves;PR;M;77356665000167;8573;0
4108403;Francisco Beltrão;PR;M;77816510000166;102312;0
4108452;Foz do Jordão;PR;M;01603719000180;4893;0
4108502;General Carneiro;PR;M;75687681000107;10691;0
4108551;Godoy Moreira;PR;M;81392656000107;2911;0
4108601;Goioerê;PR;M;78198975000163;28931;0
4108650;Goioxim;PR;M;01607627000178;6469;0
4108700;Grandes Rios;PR;M;75741348000139;5527;0
4108809;Guaíra;PR;M;77857183000190;33058;0
4108908;Guairaçá;PR;M;76238443000187;6762;0
4108957;Guamiranga;PR;M;01616255000146;7916;0
4109005;Guapirama;PR;M;75443812000100;4857;0
4109104;Guaporema;PR;M;75378844000170;2210;0
4109203;Guaraci;PR;M;75845537000151;4743;0
4109302;Guaraniaçu;PR;M;76208818000166;13770;0
4109401;Guarapuava;PR;M;76178037000176;189630;0
4109500;Guaraqueçaba;PR;M;76022508000152;7446;0
4109609;Guaratuba;PR;M;76017474000108;44913;0
4109658;Honório Serpa;PR;M;95585444000142;4803;0
4109708;Ibaiti;PR;M;77008068000141;29464;0
4109757;Ibema;PR;M;80881931000185;6343;0
4109807;Ibiporã;PR;M;76244961000103;53276;0
4109906;Icaraíma;PR;M;76247337000160;9149;0
4110003;Iguaraçu;PR;M;75772525000144;5693;0
4110052;Iguatu;PR;M;95595013000167;2156;0
4110078;Imbaú;PR;M;01613770000172;15068;0
4110102;Imbituva;PR;M;76175892000123;30849;0
4110201;Inácio Martins;PR;M;76178029000120;9555;0
4110300;Inajá;PR;M;76970318000167;2481;0
4110409;Indianópolis;PR;M;75798355000177;4544;0
4110508;Ipiranga;PR;M;76175934000126;14317;0
4110607;Iporã;PR;M;75738484000170;16102;0
4110656;Iracema do Oeste;PR;M;95583555000110;2328;0
4110706;Irati;PR;M;75654574000182;61004;0
4110805;Iretama;PR;M;76950088000174;10832;0
4110904;Itaguajé;PR;M;76970359000153;4530;0
4110953;Itaipulândia;PR;M;95725057000164;12116;0
4111001;Itambaracá;PR;M;76235738000108;5819;0
4111100;Itambé;PR;M;76282698000147;6228;0
4111209;Itapejara d'Oeste;PR;M;76995430000152;12869;0
4111258;Itaperuçu;PR;M;95422846000126;33310;0
4111308;Itaúna do Sul;PR;M;75458836000133;3607;0
4111407;Ivaí;PR;M;76175918000133;13476;0
4111506;Ivaiporã;PR;M;75741330000137;33566;0
4111555;Ivaté;PR;M;95640553000115;6788;0
4111605;Ivatuba;PR;M;76285337000154;2685;0
4111704;Jaboti;PR;M;75969667000104;5655;0
4111803;Jacarezinho;PR;M;76966860000146;41493;0
4111902;Jaguapitã;PR;M;75457341000190;15908;0
4112009;Jaguariaíva;PR;M;76910900000138;36384;0
4112108;Jandaia do Sul;PR;M;75771204000125;21930;0
4112207;Janiópolis;PR;M;76402882000183;5807;0
4112306;Japira;PR;M;75969881000152;5054;0
4112405;Japurá;PR;M;75788349000139;9393;0
4112504;Jardim Alegre;PR;M;75741363000187;12138;0
4112603;Jardim Olinda;PR;M;76970383000192;1349;0
4112702;Jataizinho;PR;M;76245042000154;11996;0
4112751;Jesuítas;PR;M;77398154000108;10954;0
4112801;Joaquim Távora;PR;M;76966845000106;12341;0
4112900;Jundiaí do Sul;PR;M;76408061000154;3372;0
4112959;Juranda;PR;M;78196755000109;7899;0
4113007;Jussara;PR;M;75789552000120;6786;0
4113106;Kaloré;PR;M;75771238000110;4666;0
4113205;Lapa;PR;M;76020452000105;45878;0
4113254;Laranjal;PR;M;95684536000180;5525;0
4113304;Laranjeiras do Sul;PR;M;76205970000195;33179;0
4113403;Leópolis;PR;M;75388850000108;3725;0
4113429;Lidianópolis;PR;M;95680831000168;3987;0
4113452;Lindoeste;PR;M;80881915000192;5217;0
4113502;Loanda;PR;M;76972074000151;23966;0
4113601;Lobato;PR;M;76970367000108;4707;0
4113700;Londrina;PR;M;75771477000170;581382;0
4113734;Luiziana;PR;M;80888688000127;6659;0
4113759;Lunardelli;PR;M;78600491000107;4864;0
4113809;Lupionópolis;PR;M;75845511000103;4929;0
4113908;Mallet;PR;M;75654566000136;13681;0
4114005;Mamborê;PR;M;75368928000122;13551;0
4114104;Mandaguaçu;PR;M;76285329000108;34521;0
4114203;Mandaguari;PR;M;76285345000109;38313;0
4114302;Mandirituba;PR;M;76105550000137;29104;0
4114351;Manfrinópolis;PR;M;01614343000109;2790;0
4114401;Mangueirinha;PR;M;77774867000129;16737;0
4114500;Manoel Ribas;PR;M;75740811000128;14675;0
4114609;Marechal Cândido Rondon;PR;M;76205814000124;58734;0
4114708;Maria Helena;PR;M;76247386000100;5926;0
4114807;Marialva;PR;M;76282680000145;44749;0
4114906;Marilândia do Sul;PR;M;75771303000107;8761;0
4115002;Marilena;PR;M;75971010000173;7450;0
4115101;Mariluz;PR;M;76404136000129;9910;0
4115200;Maringá;PR;M;76282656000106;429660;0
4115309;Mariópolis;PR;M;76995323000124;6506;0
4115358;Maripá;PR;M;95583571000102;6824;0
4115408;Marmeleiro;PR;M;76205665000101;16605;0
4115457;Marquinho;PR;M;01612552000113;4491;0
4115507;Marumbi;PR;M;75771246000166;4780;0
4115606;Matelândia;PR;M;76206465000165;19223;0
4115705;Matinhos;PR;M;76017466000161;42063;0
4115739;Mato Rico;PR;M;95684510000131;3249;0
4115754;Mauá da Serra;PR;M;95548400000142;9689;0
4115804;Medianeira;PR;M;76206481000158;57910;0
4115853;Mercedes;PR;M;95719373000123;6194;0
4115903;Mirador;PR;M;75475442000193;2248;0
4116000;Miraselva;PR;M;75845529000105;2017;0
4116059;Missal;PR;M;78101847000150;11423;0
4116109;Moreira Sales;PR;M;76217025000103;11043;0
4116208;Morretes;PR;M;76022490000199;19089;0
4116307;Munhoz de Melo;PR;M;75352062000161;4057;0
4116406;Nossa Senhora das Graças;PR;M;76970300000165;3669;0
4116505;Nova Aliança do Ivaí;PR;M;76413061000142;1322;0
4116604;Nova América da Colina;PR;M;75827204000108;3286;0
4116703;Nova Aurora;PR;M;76208859000152;14331;0
4116802;Nova Cantu;PR;M;77845394000103;6739;0
4116901;Nova Esperança;PR;M;75730994000109;27142;0
4116950;Nova Esperança do Sudoeste;PR;M;95589289000132;5783;0
4117008;Nova Fátima;PR;M;75828418000190;7140;0
3542503;Reginópolis;SP;M;44556033000198;7820;0
3542602;Registro;SP;M;45685872000179;61927;0
3542701;Restinga;SP;M;45318581000142;6486;0
3542800;Ribeira;SP;M;46634325000127;3158;0
3542909;Ribeirão Bonito;SP;M;45355914000103;11040;0
3543006;Ribeirão Branco;SP;M;46634366000113;18942;0
3543105;Ribeirão Corrente;SP;M;45318789000161;4717;0
3543204;Ribeirão do Sul;SP;M;46211702000115;4776;0
3543238;Ribeirão dos Índios;SP;M;01552221000135;2040;0
3543253;Ribeirão Grande;SP;M;67360446000106;7571;0
3543303;Ribeirão Pires;SP;M;46522967000134;118954;0
3543402;Ribeirão Preto;SP;M;56024581000156;731639;0
3543501;Riversul;SP;M;46634416000162;5628;0
3543600;Rifaina;SP;M;45318995000171;4179;0
3543709;Rincão;SP;M;56338247000177;9101;0
3543808;Rinópolis;SP;M;46478053000113;9334;0
3543907;Rio Claro;SP;M;45774064000188;210323;0
3544004;Rio das Pedras;SP;M;44826840000183;32329;0
3544103;Rio Grande da Serra;SP;M;46522975000180;45324;0
3544202;Riolândia;SP;M;45162864000148;10444;0
3544251;Rosana;SP;M;67662452000100;17434;0
3544301;Roseira;SP;M;45212008000150;11137;0
3544400;Rubiácea;SP;M;44437549000113;2740;0
3544509;Rubinéia;SP;M;45135043000112;3998;0
3544608;Sabino;SP;M;44534089000141;5182;0
3544707;Sagres;SP;M;53310793000101;2522;0
3544806;Sales;SP;M;46613196000190;6645;0
3544905;Sales Oliveira;SP;M;46756029000107;11683;0
3545001;Salesópolis;SP;M;46523296000126;15381;0
3545100;Salmourão;SP;M;46477618000148;4883;0
3545159;Saltinho;SP;M;66831959000187;8407;0
3545209;Salto;SP;M;46634507000106;141111;0
3545308;Salto de Pirapora;SP;M;46634093000107;45262;0
3545407;Salto Grande;SP;M;46211686000160;9221;0
3545506;Sandovalina;SP;M;44872778000166;3697;0
3545605;Santa Adélia;SP;M;46599270000161;14193;0
3545704;Santa Albertina;SP;M;45135530000185;6566;0
3545803;Santa Bárbara d'Oeste;SP;M;46422408000152;189456;0
3546009;Santa Branca;SP;M;46694121000181;14219;0
3546108;Santa Clara d'Oeste;SP;M;45135944000104;2694;0
3546207;Santa Cruz da Conceição;SP;M;44751725000197;4375;0
3546256;Santa Cruz da Esperança;SP;M;01611007000102;2168;0
3546306;Santa Cruz das Palmeiras;SP;M;46371654000122;29489;0
3546405;Santa Cruz do Rio Pardo;SP;M;46231890000143;47759;0
3546504;Santa Ernestina;SP;M;45374469000129;6274;0
3546603;Santa Fé do Sul;SP;M;45138070000149;36288;0
3546702;Santa Gertrudes;SP;M;45732377000173;23192;0
3546801;Santa Isabel;SP;M;56900848000121;54691;0
3546900;Santa Lúcia;SP;M;45282704000132;7144;0
3507456;Borebi;SP;M;54724802000173;2801;0
3507506;Botucatu;SP;M;46634101000115;151053;0
3507605;Bragança Paulista;SP;M;46352746000165;185688;0
3507704;Braúna;SP;M;44440832000102;5477;0
3507753;Brejo Alegre;SP;M;01614087000150;2605;0
3507803;Brodowski;SP;M;45301652000102;26314;0
3507902;Brotas;SP;M;46362927000172;24501;0
3508009;Buri;SP;M;46634382000106;20731;0
3508108;Buritama;SP;M;44435121000131;17658;0
3508207;Buritizal;SP;M;45323698000114;4458;0
3508306;Cabrália Paulista;SP;M;46137469000178;4360;0
3508405;Cabreúva;SP;M;46634432000155;48654;0
3508504;Caçapava;SP;M;45189305000121;100071;0
3508603;Cachoeira Paulista;SP;M;45192275000102;32534;0
3508702;Caconde;SP;M;45767829000152;17228;0
3508801;Cafelândia;SP;M;46186375000199;16907;0
3508900;Caiabu;SP;M;44853505000174;3726;0
3509007;Caieiras;SP;M;46523064000178;98549;0
3509106;Caiuá;SP;M;53307906000110;5599;0
3509205;Cajamar;SP;M;46523023000181;98365;0
3509254;Cajati;SP;M;64037815000128;29262;0
3509304;Cajobi;SP;M;46614400000198;9210;0
3509403;Cajuru;SP;M;45227337000174;24233;0
3509452;Campina do Monte Alegre;SP;M;67360404000167;6090;0
3509502;Campinas;SP;M;51885242000140;1187974;0
3509601;Campo Limpo Paulista;SP;M;45780095000141;79781;0
3509700;Campos do Jordão;SP;M;45699626000176;47956;0
3509809;Campos Novos Paulista;SP;M;46787644000172;5003;0
3509908;Cananéia;SP;M;46585956000101;12491;0
3509957;Canas;SP;M;01619207000101;5068;0
3510005;Cândido Mota;SP;M;46179958000192;30157;0
3510104;Cândido Rodrigues;SP;M;45374261000100;2959;0
3510153;Canitar;SP;M;57264517000105;6589;0
3510203;Capão Bonito;SP;M;46634259000195;47409;0
3510302;Capela do Alto;SP;M;46634077000114;23777;0
3510401;Capivari;SP;M;44723674000190;51369;0
3510500;Caraguatatuba;SP;M;46482840000139;142248;0
3510609;Carapicuíba;SP;M;44892693000140;398236;0
3510708;Cardoso;SP;M;46599825000175;11476;0
3510807;Casa Branca;SP;M;45735479000142;28779;0
3510906;Cássia dos Coqueiros;SP;M;44229805000187;2861;0
3511003;Castilho;SP;M;45663556000104;20485;0
3511102;Catanduva;SP;M;45122603000102;119275;0
3511201;Catiguá;SP;M;45124344000140;7101;0
3511300;Cedral;SP;M;45093663000136;13314;0
3511409;Cerqueira César;SP;M;46634184000142;22210;0
3511508;Cerquilho;SP;M;46634614000126;46391;0
3511607;Cesário Lange;SP;M;46634572000123;19707;0
3511706;Charqueada;SP;M;45732013000193;15814;0
3511904;Clementina;SP;M;47346275000145;7084;0
3512001;Colina;SP;M;45291234000173;18880;0
3512100;Colômbia;SP;M;52381720000148;6802;0
3512209;Conchal;SP;M;45331188000199;29132;0
3512308;Conchas;SP;M;46634119000117;15345;0
3512407;Cordeirópolis;SP;M;44660272000193;25286;0
3512506;Coroados;SP;M;46156477000161;5504;0
3512605;Coronel Macedo;SP;M;46634192000199;4271;0
3512704;Corumbataí;SP;M;44660397000113;4296;0
3512803;Cosmópolis;SP;M;44730331000152;61167;0
3512902;Cosmorama;SP;M;45162054000191;9019;0
3513009;Cotia;SP;M;46523049000120;289493;0
3513108;Cravinhos;SP;M;45228319000107;34307;0
3513207;Cristais Paulista;SP;M;45307980000108;9600;0
3513306;Cruzália;SP;M;46179966000139;2123;0
3513405;Cruzeiro;SP;M;46668596000101;76444;0
3513504;Cubatão;SP;M;47492806000108;114870;0
3513603;Cunha;SP;M;45704053000121;22460;0
3513702;Descalvado;SP;M;46732442000123;32663;0
3513801;Diadema;SP;M;46523247000193;403579;0
3513850;Dirce Reis;SP;M;65711988000142;1639;0
3513900;Divinolândia;SP;M;46435921000188;11305;0
3514007;Dobrada;SP;M;54916283000145;8986;0
3514106;Dois Córregos;SP;M;45671120000159;24847;0
3514205;Dolcinópolis;SP;M;48318182000170;2254;0
3514304;Dourado;SP;M;51814960000126;8169;0
3514403;Dracena;SP;M;44880060000111;46735;0
3514502;Duartina;SP;M;46137485000160;12532;0
3514601;Dumont;SP;M;46940888000143;9764;0
3514700;Echaporã;SP;M;44470300000100;6291;0
3514809;Eldorado;SP;M;45089885000185;13109;0
3514908;Elias Fausto;SP;M;44723740000121;18168;0
3514924;Elisiário;SP;M;65711723000144;3190;0
3514957;Embaúba;SP;M;65712648000136;2349;0
3515004;Embu das Artes;SP;M;46523114000117;259788;0
3515103;Embu-Guaçu;SP;M;46523148000101;68913;0
3515129;Emilianópolis;SP;M;67662544000190;3061;0
3515152;Engenheiro Coelho;SP;M;67996363000108;20261;0
3515186;Espírito Santo do Pinhal;SP;M;45739083000173;40610;0
3515194;Espírito Santo do Turvo;SP;M;57264509000169;4214;0
3515202;Estrela d'Oeste;SP;M;45112224000123;9696;0
3515301;Estrela do Norte;SP;M;46449682000115;2751;0
3515350;Euclides da Cunha Paulista;SP;M;67662437000161;7883;0
3515400;Fartura;SP;M;46223707000168;17029;0
3515509;Fernandópolis;SP;M;47842836000105;73508;0
3515608;Fernando Prestes;SP;M;47826763000150;6080;0
3515657;Fernão;SP;M;01612848000134;1692;0
3515707;Ferraz de Vasconcelos;SP;M;46523197000144;186479;0
3515806;Flora Rica;SP;M;44925279000190;1483;0
3515905;Floreal;SP;M;53221941000111;2747;0
3516002;Flórida Paulista;SP;M;44925691000100;13175;0
3516101;Florínia;SP;M;44493575000169;4022;0
3516200;Franca;SP;M;47970769000104;365494;0
3516309;Francisco Morato;SP;M;46523072000114;171476;0
3516408;Franco da Rocha;SP;M;46523080000160;150241;0
3516507;Gabriel Monteiro;SP;M;44431161000105;2813;0
3516606;Gália;SP;M;44518389000137;6413;0
3516705;Garça;SP;M;44518371000135;43081;0
3516804;Gastão Vidigal;SP;M;45660602000103;3203;0
3516853;Gavião Peixoto;SP;M;01559766000173;4806;0
3516903;General Salgado;SP;M;45660610000150;10437;0
3517000;Getulina;SP;M;44528842000196;10337;0
3517109;Glicério;SP;M;44441475000199;4158;0
3517208;Guaiçara;SP;M;46203469000129;11478;0
3517307;Guaimbê;SP;M;44529592000109;5609;0
3517406;Guaíra;SP;M;48344014000159;40489;0
3517505;Guapiaçu;SP;M;45728326000178;22445;0
3517604;Guapiara;SP;M;46634275000188;17225;0
3517703;Guará;SP;M;45353299000104;18748;0
3517802;Guaraçaí;SP;M;51104552000180;7453;0
3517901;Guaraci;SP;M;46596318000188;10554;0
3518008;Guarani d'Oeste;SP;M;45115391000128;1999;0
3518107;Guarantã;SP;M;46187506000152;6532;0
3518206;Guararapes;SP;M;48468284000171;31888;0
3518305;Guararema;SP;M;46523262000131;32620;0
3518404;Guaratinguetá;SP;M;46680500000112;121916;0
3518503;Guareí;SP;M;46634267000131;15285;0
3518602;Guariba;SP;M;48664304000180;38678;0
3518701;Guarujá;SP;M;44959021000104;294871;0
3518800;Guarulhos;SP;M;46319000000150;1349100;0
3518859;Guatapará;SP;M;68319748000195;7474;0
3518909;Guzolândia;SP;M;45746112000124;4259;0
3519006;Herculândia;SP;M;44568277000190;9316;0
3519055;Holambra;SP;M;67172437000183;15718;0
3519071;Hortolândia;SP;M;67995027000132;248842;0
3519105;Iacanga;SP;M;46137477000114;10648;0
3519204;Iacri;SP;M;45547395000185;6197;0
3519253;Iaras;SP;M;57263949000100;8313;0
3519303;Ibaté;SP;M;45355575000165;33160;0
3519402;Ibirá;SP;M;45158193000141;11952;0
3519501;Ibirarema;SP;M;46211694000107;6450;0
3519600;Ibitinga;SP;M;45321460000150;62143;0
3519709;Ibiúna;SP;M;46634531000137;77801;0
3519808;Icém;SP;M;45726742000137;7982;0
3519907;Iepê;SP;M;49345911000140;7739;0
3520004;Igaraçu do Tietê;SP;M;44498467000189;23421;0
3520103;Igarapava;SP;M;45324290000167;26696;0
3520202;Igaratá;SP;M;46694147000120;10984;0
3520301;Iguape;SP;M;45550167000164;29891;0
3520400;Ilhabela;SP;M;46482865000132;36559;0
3520426;Ilha Comprida;SP;M;64037872000107;14104;0
3520442;Ilha Solteira;SP;M;59754648000104;26257;0
3520509;Indaiatuba;SP;M;44733608000109;269657;0
3520608;Indiana;SP;M;49520133000188;5200;0
3520707;Indiaporã;SP;M;46947396000180;4113;0
3520806;Inúbia Paulista;SP;M;44919611000103;3671;0
3520905;Ipaussu;SP;M;44563583000134;13935;0
3521002;Iperó;SP;M;46634085000160;38277;0
3521101;Ipeúna;SP;M;44660603000195;7027;0
3521150;Ipiguá;SP;M;01528506000130;7115;0
3521200;Iporanga;SP;M;46634283000124;4083;0
3521408;Iracemápolis;SP;M;45786159000111;22500;0
3521507;Irapuã;SP;M;45158532000190;6932;0
3521606;Irapuru;SP;M;44926723000191;7120;0
3521705;Itaberá;SP;M;46634374000160;18263;0
3521804;Itaí;SP;M;46634200000105;25979;0
3521903;Itajobi;SP;M;45126851000113;17502;0
3522000;Itaju;SP;M;44496313000158;3715;0
3522109;Itanhaém;SP;M;46578498000175;118495;0
3522158;Itaóca;SP;M;67360362000164;3497;0
3522208;Itapecerica da Serra;SP;M;46523130000100;163003;0
3522307;Itapetininga;SP;M;46634291000170;164256;0
3522406;Itapeva;SP;M;46634358000177;92393;0
3522505;Itapevi;SP;M;46523031000128;242995;0
3522604;Itapira;SP;M;45281144000100;74038;0
3522653;Itapirapuã Paulista;SP;M;67360438000151;4420;0
3522703;Itápolis;SP;M;49979255000137;40445;0
3522802;Itaporanga;SP;M;46634408000116;14245;0
3522901;Itapuí;SP;M;46189726000115;14035;0
3523008;Itapura;SP;M;44447126000184;4002;0
3523107;Itaquaquecetuba;SP;M;46316600000164;382983;0
3523206;Itararé;SP;M;46634390000152;45213;0
3523305;Itariri;SP;M;46578522000176;15916;0
3523404;Itatiba;SP;M;50122571000177;127112;0
3523503;Itatinga;SP;M;46634127000163;19462;0
3523602;Itirapina;SP;M;46313714000150;16454;0
3523701;Itirapuã;SP;M;45317955000105;5857;0
3523800;Itobi;SP;M;45735461000140;8227;0
3523909;Itu;SP;M;46634440000100;175047;0
3524006;Itupeva;SP;M;45780061000157;74994;0
3524105;Ituverava;SP;M;46710422000151;38413;0
3524204;Jaborandi;SP;M;52382702000180;6280;0
3524303;Jaboticabal;SP;M;50387844000105;73473;0
3524402;Jacareí;SP;M;46694139000183;250952;0
3524501;Jaci;SP;M;45142684000102;7944;0
3524600;Jacupiranga;SP;M;46582185000190;16216;0
3524709;Jaguariúna;SP;M;46410866000171;62309;0
3524808;Jales;SP;M;45131885000104;50078;0
3524907;Jambeiro;SP;M;45190824000100;6611;0
3525003;Jandira;SP;M;46522991000173;121550;0
3525102;Jardinópolis;SP;M;44229821000170;47125;0
3525201;Jarinu;SP;M;45780079000159;40007;0
3525300;Jaú;SP;M;46195079000154;137409;0
3525409;Jeriquara;SP;M;45353315000150;4000;0
3525508;Joanópolis;SP;M;45290418000119;13131;0
3525607;João Ramalho;SP;M;46444790000103;4464;0
3525706;José Bonifácio;SP;M;45141132000171;37992;0
3525805;Júlio Mesquita;SP;M;44518496000165;4302;0
3525854;Jumirim;SP;M;01612150000119;3132;0
3525904;Jundiaí;SP;M;45780103000150;463039;0
3526001;Junqueirópolis;SP;M;44881449000181;20939;0
3526100;Juquiá;SP;M;46585964000140;17184;0
3526209;Juquitiba;SP;M;46523155000103;27969;0
3526308;Lagoinha;SP;M;45167111000125;5183;0
3526407;Laranjal Paulista;SP;M;46634606000180;27044;0
3526506;Lavínia;SP;M;44437820000110;9940;0
3526605;Lavrinhas;SP;M;45200029000155;7348;0
3526704;Leme;SP;M;46362661000168;101537;0
3526803;Lençóis Paulista;SP;M;46200846000176;68568;0
3526902;Limeira;SP;M;45132495000140;301292;0
3527009;Lindóia;SP;M;45678000000183;7158;0
3527108;Lins;SP;M;44531788000138;76844;0
3527207;Lorena;SP;M;47563739000175;87468;0
3527256;Lourdes;SP;M;59767921000127;1962;0
3527306;Louveira;SP;M;46363933000144;54865;0
3527405;Lucélia;SP;M;44919918000104;20378;0
3527504;Lucianópolis;SP;M;44518504000173;2423;0
3527603;Luís Antônio;SP;M;45368016000190;12564;0
3527702;Luiziânia;SP;M;44441558000188;4740;0
3527801;Lupércio;SP;M;44518397000183;4004;0
3527900;Lutécia;SP;M;44544880000132;2697;0
3528007;Macatuba;SP;M;46200853000178;17140;0
3528106;Macaubal;SP;M;51848943000100;7581;0
3528205;Macedônia;SP;M;45115912000147;4058;0
3528304;Magda;SP;M;45660628000151;3211;0
3528403;Mairinque;SP;M;45944428000120;51888;0
3528502;Mairiporã;SP;M;46523163000150;97835;0
3528601;Manduri;SP;M;46223749000107;10122;0
3528700;Marabá Paulista;SP;M;45725355000186;4619;0
3528809;Maracaí;SP;M;44494136000170;12804;0
3528858;Marapoama;SP;M;65712580000195;3415;0
3528908;Mariápolis;SP;M;51405231000116;3526;0
3529005;Marília;SP;M;44477909000100;247348;0
3529104;Marinópolis;SP;M;45132719000114;1862;0
3529203;Martinópolis;SP;M;44855443000130;25240;0
3529302;Matão;SP;M;45270188000126;81075;0
3529401;Mauá;SP;M;46522959000198;429014;0
3529500;Mendonça;SP;M;46935110000146;6420;0
3529609;Meridiano;SP;M;45116092000108;4721;0
3529658;Mesópolis;SP;M;65712069000193;1990;0
3529708;Miguelópolis;SP;M;45353307000104;19621;0
3529807;Mineiros do Tietê;SP;M;46199253000137;11322;0
3529906;Miracatu;SP;M;46583654000196;18610;0
3530003;Mira Estrela;SP;M;45116290000171;3209;0
3530102;Mirandópolis;SP;M;44438968000170;28754;0
3530201;Mirante do Paranapanema;SP;M;44937365000112;16031;0
3530300;Mirassol;SP;M;46612032000149;65811;0
3530409;Mirassolândia;SP;M;45144748000104;4783;0
3530508;Mococa;SP;M;44763928000101;69372;0
3530607;Mogi das Cruzes;SP;M;46523270000188;470302;0
3530706;Mogi Guaçu;SP;M;45301264000113;160318;0
3530805;Mogi Mirim;SP;M;45332095000189;95742;0
3530904;Mombuca;SP;M;44723765000125;3830;0
3531001;Monções;SP;M;59854927000131;1947;0
3531100;Mongaguá;SP;M;46578506000183;64845;0
3531209;Monte Alegre do Sul;SP;M;52846144000167;8923;0
3531308;Monte Alto;SP;M;51816247000111;48758;0
3531407;Monte Aprazível;SP;M;53221701000117;22668;0
3531506;Monte Azul Paulista;SP;M;52942380000187;18337;0
3531605;Monte Castelo;SP;M;44882074000174;4306;0
3531704;Monteiro Lobato;SP;M;46643482000107;4205;0
3531803;Monte Mor;SP;M;45787652000156;67832;0
3531902;Morro Agudo;SP;M;45345899000112;28521;0
3532009;Morungaba;SP;M;45755238000165;14147;0
3532058;Motuca;SP;M;68319987000145;4071;0
3532108;Murutinga do Sul;SP;M;44430221000175;3748;0
3532157;Nantes;SP;M;01557530000106;2697;0
3532207;Narandiba;SP;M;44857027000170;5956;0
3532306;Natividade da Serra;SP;M;45686227000170;7155;0
3532405;Nazaré Paulista;SP;M;45279643000154;18675;0
3532504;Neves Paulista;SP;M;45145414000147;9953;0
3532603;Nhandeara;SP;M;45146271000198;9915;0
3532702;Nipoã;SP;M;49107725000172;4876;0
3532801;Nova Aliança;SP;M;45094232000194;6885;0
3532827;Nova Campina;SP;M;60123072000158;8630;0
3532843;Nova Canaã Paulista;SP;M;65711954000158;2055;0
3532868;Nova Castilho;SP;M;01613202000171;1072;0
3532900;Nova Europa;SP;M;71989982000134;9459;0
3533007;Nova Granada;SP;M;45147733000191;19733;0
3533106;Nova Guataporanga;SP;M;44882223000103;2188;0
3533205;Nova Independência;SP;M;44430429000194;4847;0
3533254;Novais;SP;M;65711699000143;4463;0
3533304;Nova Luzitânia;SP;M;53099149000136;2817;0
3533403;Nova Odessa;SP;M;45781184000102;64596;0
3533502;Novo Horizonte;SP;M;45152139000199;39494;0
3533601;Nuporanga;SP;M;46754388000117;7570;0
3533700;Ocauçu;SP;M;44482248000101;4418;0
3533809;Óleo;SP;M;46223764000147;2535;0
3533908;Olímpia;SP;M;46596151000155;56874;0
3534005;Onda Verde;SP;M;45148699000170;4942;0
4117057;Nova Laranjeiras;PR;M;95587648000112;12298;0
4117107;Nova Londrina;PR;M;81044984000104;13074;0
4117206;Nova Olímpia;PR;M;75799577000104;5982;0
4117214;Nova Santa Bárbara;PR;M;95561080000160;4308;0
4117222;Nova Santa Rosa;PR;M;77116663000109;8581;0
4117255;Nova Prata do Iguaçu;PR;M;78103884000105;13340;0
4117271;Nova Tebas;PR;M;80620172000105;6852;0
4117297;Novo Itacolomi;PR;M;95639472000103;3227;0
4117305;Ortigueira;PR;M;77721363000140;24706;0
4117404;Ourizona;PR;M;76282672000107;3193;0
4117453;Ouro Verde do Oeste;PR;M;80880107000100;7102;0
4117503;Paiçandu;PR;M;76282664000152;48695;0
4117602;Palmas;PR;M;76161181000108;50238;0
4117701;Palmeira;PR;M;76179829000165;34948;0
4117800;Palmital;PR;M;75680025000182;12879;0
4117909;Palotina;PR;M;76208487000164;37039;0
4118006;Paraíso do Norte;PR;M;75476556000158;13728;0
4118105;Paranacity;PR;M;76970334000150;9549;0
4118204;Paranaguá;PR;M;76017458000115;150104;0
4118303;Paranapoema;PR;M;76970391000139;2352;0
4118402;Paranavaí;PR;M;76977768000181;96209;0
4118451;Pato Bragado;PR;M;95719472000105;6004;0
4118501;Pato Branco;PR;M;76995448000154;97821;0
4118600;Paula Freitas;PR;M;75687954000113;5706;0
4118709;Paulo Frontin;PR;M;77007474000190;6414;0
4118808;Peabiru;PR;M;75370148000117;13494;0
4118857;Perobal;PR;M;01612444000140;7599;0
4118907;Pérola;PR;M;81478133000170;12389;0
4119004;Pérola d'Oeste;PR;M;75924290000169;6218;0
4119103;Piên;PR;M;76002666000140;14409;0
4119152;Pinhais;PR;M;95423000000100;131255;0
4119202;Pinhalão;PR;M;76167717000194;6676;0
4119251;Pinhal de São Bento;PR;M;95590832000111;2805;0
4119301;Pinhão;PR;M;76178011000128;30451;0
4119400;Piraí do Sul;PR;M;77001329000100;23977;0
4119509;Piraquara;PR;M;76105675000167;127433;0
4119608;Pitanga;PR;M;76172907000108;34527;0
4119657;Pitangueiras;PR;M;95543427000142;3141;0
4119707;Planaltina do Paraná;PR;M;75461442000134;4125;0
4119806;Planalto;PR;M;76460526000116;14722;0
4119905;Ponta Grossa;PR;M;76175884000187;375632;0
4119954;Pontal do Paraná;PR;M;01609843000152;33131;0
4120002;Porecatu;PR;M;80542764000148;11271;0
4120101;Porto Amazonas;PR;M;76179837000101;4072;0
4120150;Porto Barreiro;PR;M;01591618000136;3057;0
4120200;Porto Rico;PR;M;75461970000193;3370;0
4120309;Porto Vitória;PR;M;75688366000102;3515;0
4120333;Prado Ferreira;PR;M;01613136000130;3816;0
4120358;Pranchita;PR;M;78113834000109;5831;0
4120408;Presidente Castelo Branco;PR;M;76279959000170;4304;0
4120507;Primeiro de Maio;PR;M;76245059000101;10064;0
4120606;Prudentópolis;PR;M;77003424000134;50946;0
4120655;Quarto Centenário;PR;M;01619104000141;4127;0
4120705;Quatiguá;PR;M;76966852000108;8426;0
4120804;Quatro Barras;PR;M;76105568000139;25397;0
4120853;Quatro Pontes;PR;M;95719381000170;4672;0
4120903;Quedas do Iguaçu;PR;M;76205962000149;31423;0
4121000;Querência do Norte;PR;M;76973692000116;10625;0
4121109;Quinta do Sol;PR;M;76950047000188;5052;0
4121208;Quitandinha;PR;M;76002674000197;18882;0
4121257;Ramilândia;PR;M;95725024000114;4279;0
4121307;Rancho Alegre;PR;M;75829416000116;3472;0
4121356;Rancho Alegre D'Oeste;PR;M;95640132000194;2623;0
4121406;Realeza;PR;M;76205673000140;20097;0
4121505;Rebouças;PR;M;77774859000182;14825;0
4121604;Renascença;PR;M;76205681000196;6945;0
4121703;Reserva;PR;M;76169879000161;24878;0
4121752;Reserva do Iguaçu;PR;M;01612911000132;6493;0
4121802;Ribeirão Claro;PR;M;75449579000173;12856;0
4121901;Ribeirão do Pinhal;PR;M;76968064000142;13158;0
4122008;Rio Azul;PR;M;75963256000101;14174;0
4122107;Rio Bom;PR;M;75771212000171;3214;0
4122156;Rio Bonito do Iguaçu;PR;M;95587770000199;14297;0
4122172;Rio Branco do Ivaí;PR;M;01612413000190;3841;0
4122206;Rio Branco do Sul;PR;M;76105576000185;40308;0
4122305;Rio Negro;PR;M;76002641000147;31951;0
4122404;Rolândia;PR;M;76288760000108;75818;0
4122503;Roncador;PR;M;75371401000157;11339;0
4122602;Rondon;PR;M;75380071000166;9255;0
4122651;Rosário do Ivaí;PR;M;80059264000150;5484;0
4122701;Sabáudia;PR;M;76958974000144;9511;0
4122800;Salgado Filho;PR;M;76205699000198;4090;0
4122909;Salto do Itararé;PR;M;76920834000187;5214;0
4123006;Salto do Lontra;PR;M;76205707000104;15706;0
4123105;Santa Amélia;PR;M;76235746000146;3358;0
4123204;Santa Cecília do Pavão;PR;M;76290691000177;3357;0
4123303;Santa Cruz de Monte Castelo;PR;M;75462820000102;8840;0
4123402;Santa Fé;PR;M;76291418000167;11730;0
4123501;Santa Helena;PR;M;76206457000119;26461;0
4123600;Santa Inês;PR;M;78092293000171;1745;0
4123709;Santa Isabel do Ivaí;PR;M;76974823000180;9043;0
4123808;Santa Izabel do Oeste;PR;M;76205715000142;14462;0
4123824;Santa Lúcia;PR;M;95594776000193;3638;0
4123857;Santa Maria do Oeste;PR;M;95684544000126;9869;0
4123907;Santa Mariana;PR;M;75392019000120;10941;0
4123956;Santa Mônica;PR;M;95641916000137;3361;0
4124004;Santana do Itararé;PR;M;76920826000130;5646;0
4124020;Santa Tereza do Oeste;PR;M;80882095000153;13938;0
4124053;Santa Terezinha de Itaipu;PR;M;75425314000135;25300;0
4124103;Santo Antônio da Platina;PR;M;76968627000100;45628;0
4124202;Santo Antônio do Caiuá;PR;M;75483230000158;2474;0
4124301;Santo Antônio do Paraíso;PR;M;75832170000131;2088;0
4124400;Santo Antônio do Sudoeste;PR;M;75927582000155;24980;0
4124509;Santo Inácio;PR;M;76970375000146;6463;0
4124608;São Carlos do Ivaí;PR;M;75498576000120;6727;0
4124707;São Jerônimo da Serra;PR;M;76290683000120;10884;0
4124806;São João;PR;M;76995422000106;12297;0
4124905;São João do Caiuá;PR;M;76238435000130;5607;0
4125001;São João do Ivaí;PR;M;75741355000130;10639;0
4125100;São João do Triunfo;PR;M;75193516000107;13899;0
4125209;São Jorge d'Oeste;PR;M;76995380000103;9587;0
4125308;São Jorge do Ivaí;PR;M;76282649000104;5170;0
4125357;São Jorge do Patrocínio;PR;M;77870475000163;6690;0
4125407;São José da Boa Vista;PR;M;76920818000194;6023;0
4125456;São José das Palmeiras;PR;M;77819605000133;4031;0
4125506;São José dos Pinhais;PR;M;76105543000135;349880;0
4125555;São Manoel do Paraná;PR;M;80909617000163;2176;0
4125605;São Mateus do Sul;PR;M;76021450000122;43490;0
4125704;São Miguel do Iguaçu;PR;M;76206499000150;30416;0
4125753;São Pedro do Iguaçu;PR;M;95583597000150;5730;0
4125803;São Pedro do Ivaí;PR;M;75771311000153;8514;0
4125902;São Pedro do Paraná;PR;M;76975259000110;2726;0
4126009;São Sebastião da Amoreira;PR;M;76290659000191;8063;0
4126108;São Tomé;PR;M;75381178000129;5282;0
4126207;Sapopema;PR;M;76167733000187;6778;0
4126256;Sarandi;PR;M;78200482000110;128106;0
4126272;Saudade do Iguaçu;PR;M;95585477000192;6413;0
4126306;Sengés;PR;M;76911676000107;17256;0
4126355;Serranópolis do Iguaçu;PR;M;01613052000104;5161;0
4126405;Sertaneja;PR;M;75393082000180;5654;0
4126504;Sertanópolis;PR;M;76245034000108;16210;0
4126603;Siqueira Campos;PR;M;76919083000189;24031;0
4126652;Sulina;PR;M;80869886000143;3498;0
4126678;Tamarana;PR;M;01613167000190;10540;0
4126702;Tamboara;PR;M;76978519000100;4986;0
4126801;Tapejara;PR;M;76247345000106;16326;0
4126900;Tapira;PR;M;75801738000157;5807;0
4127007;Teixeira Soares;PR;M;75963850000194;9540;0
4127106;Telêmaco Borba;PR;M;76170240000104;77479;0
4127205;Terra Boa;PR;M;75793786000140;18168;0
4127304;Terra Rica;PR;M;76978881000181;14961;0
4127403;Terra Roxa;PR;M;75587204000170;18636;0
4127502;Tibagi;PR;M;76170257000153;20374;0
4127601;Tijucas do Sul;PR;M;76105584000121;18458;0
4127700;Toledo;PR;M;76205806000188;160701;0
4127809;Tomazina;PR;M;75697094000107;8523;0
4127858;Três Barras do Paraná;PR;M;78121936000168;11157;0
4127882;Tunas do Paraná;PR;M;68703834000105;6304;0
4127908;Tuneiras do Oeste;PR;M;76247329000113;8067;0
4127957;Tupãssi;PR;M;77877116000138;8208;0
4127965;Turvo;PR;M;78279973000107;14101;0
4128005;Ubiratã;PR;M;76950096000110;25732;0
4128104;Umuarama;PR;M;76247378000156;123059;0
4128203;União da Vitória;PR;M;75967760000171;56560;0
4128302;Uniflor;PR;M;76279975000162;2106;0
4128401;Uraí;PR;M;75424507000171;10308;0
4128500;Wenceslau Braz;PR;M;76920800000192;19398;0
4128534;Ventania;PR;M;95685798000169;9760;0
4128559;Vera Cruz do Oeste;PR;M;78101821000101;8178;0
4128609;Verê;PR;M;75636530000120;8077;0
4128625;Alto Paraíso;PR;M;95640736000130;3067;0
4128633;Doutor Ulysses;PR;M;95422911000113;5744;0
4128658;Virmond;PR;M;95587622000174;3828;0
4128708;Vitorino;PR;M;76995463000100;10549;0
4128807;Xambrê;PR;M;76247360000154;5835;0
4200051;Abdon Batista;SC;M;78511052000110;2629;0
4200101;Abelardo Luz;SC;M;83009886000161;17767;0
4200200;Agrolândia;SC;M;83102582000144;11646;0
4200309;Agronômica;SC;M;83102590000190;6511;0
4200408;Água Doce;SC;M;82939398000190;6587;0
4200507;Águas de Chapecó;SC;M;82804212000196;6123;0
4200556;Águas Frias;SC;M;95990180000102;3000;0
4200606;Águas Mornas;SC;M;82892266000150;7193;0
4200705;Alfredo Wagner;SC;M;83102608000154;10963;0
4200754;Alto Bela Vista;SC;M;01614374000160;1847;0
4200804;Anchieta;SC;M;83024687000122;5955;0
4200903;Angelina;SC;M;82951195000110;5484;0
4201000;Anita Garibaldi;SC;M;82777335000185;8339;0
4201109;Anitápolis;SC;M;82892332000192;3761;0
4201208;Antônio Carlos;SC;M;82892290000190;12464;0
4201257;Apiúna;SC;M;79373767000116;10041;0
4201273;Arabutã;SC;M;95995221000153;4505;0
4201307;Araquari;SC;M;83102228000110;52079;0
4201406;Araranguá;SC;M;82911249000113;76611;0
4201505;Armazém;SC;M;82928664000180;9289;0
4201604;Arroio Trinta;SC;M;82826462000127;3634;0
4201653;Arvoredo;SC;M;95995247000100;2623;0
4201703;Ascurra;SC;M;83102772000161;8720;0
4201802;Atalanta;SC;M;83102616000109;3265;0
4201901;Aurora;SC;M;83102624000147;7241;0
4201950;Balneário Arroio do Silva;SC;M;01605479000152;17786;0
4202008;Balneário Camboriú;SC;M;83102285000107;151674;0
4202057;Balneário Barra do Sul;SC;M;95954509000180;16953;0
4202073;Balneário Gaivota;SC;M;01511659000175;17986;0
4202081;Bandeirante;SC;M;01612528000184;3265;0
4202099;Barra Bonita;SC;M;01612527000130;1642;0
4202107;Barra Velha;SC;M;83102830000157;52860;0
4202131;Bela Vista do Toldo;SC;M;01612888000186;5939;0
4202156;Belmonte;SC;M;80912108000190;2712;0
4202206;Benedito Novo;SC;M;83102780000108;10757;0
4202305;Biguaçu;SC;M;82892308000153;83756;0
4202404;Blumenau;SC;M;83108357000115;385558;0
4202438;Bocaina do Sul;SC;M;01606852000190;3639;0
4202453;Bombinhas;SC;M;95815379000102;28738;0
4202503;Bom Jardim da Serra;SC;M;82844754000192;3995;0
4202537;Bom Jesus;SC;M;01551148000187;2896;0
4202578;Bom Jesus do Oeste;SC;M;01594009000130;2240;0
4202602;Bom Retiro;SC;M;82777343000121;8422;0
4202701;Botuverá;SC;M;83102350000196;5705;0
4202800;Braço do Norte;SC;M;82926551000145;35985;0
4202859;Braço do Trombudo;SC;M;95952230000167;4256;0
4202875;Brunópolis;SC;M;01613853000161;2433;0
4202909;Brusque;SC;M;83102343000194;155307;0
4203006;Caçador;SC;M;83074302000131;76298;0
4203105;Caibi;SC;M;82940776000156;6441;0
4203154;Calmon;SC;M;95949806000137;3519;0
4203204;Camboriú;SC;M;83102293000145;117324;0
4203253;Capão Alto;SC;M;01599409000139;2636;0
4203303;Campo Alegre;SC;M;83102749000177;12886;0
4203402;Campo Belo do Sul;SC;M;82777319000192;7324;0
4203501;Campo Erê;SC;M;83026765000128;9864;0
4203600;Campos Novos;SC;M;82939232000174;39049;0
4203709;Canelinha;SC;M;82562893000123;13618;0
4203808;Canoinhas;SC;M;83102384000180;56948;0
4203907;Capinzal;SC;M;82939406000107;24414;0
4203956;Capivari de Baixo;SC;M;95780441000160;25015;0
4204004;Catanduvas;SC;M;82939414000145;11033;0
4204103;Caxambu do Sul;SC;M;83021816000129;4752;0
4204152;Celso Ramos;SC;M;78493343000122;2864;0
4204178;Cerro Negro;SC;M;95991097000158;3303;0
4204194;Chapadão do Lageado;SC;M;01613120000127;3053;0
4204202;Chapecó;SC;M;83021808000182;282648;0
4204251;Cocal do Sul;SC;M;95778056000188;18106;0
4204301;Concórdia;SC;M;83024257000100;87206;0
4204350;Cordilheira Alta;SC;M;95990198000104;5192;0
4204400;Coronel Freitas;SC;M;83021824000175;10604;0
4204459;Coronel Martins;SC;M;95993093000109;1993;0
4204509;Corupá;SC;M;83102467000170;15912;0
4204558;Correia Pinto;SC;M;75438655000145;16253;0
4204608;Criciúma;SC;M;82916818000113;227438;0
4204707;Cunha Porã;SC;M;83021147000195;11242;0
4204756;Cunhataí;SC;M;01612116000144;2026;0
4204806;Curitibanos;SC;M;83754044000134;41741;0
4204905;Descanso;SC;M;83026138000197;8652;0
4205001;Dionísio Cerqueira;SC;M;83026773000174;15316;0
4205100;Dona Emma;SC;M;83102426000183;4435;0
4205159;Doutor Pedrinho;SC;M;79373775000162;3729;0
4205175;Entre Rios;SC;M;01612698000169;3561;0
4205191;Ermo;SC;M;01608905000101;2354;0
4205209;Erval Velho;SC;M;82939422000191;5137;0
4205308;Faxinal dos Guedes;SC;M;83009910000162;11537;0
4205357;Flor do Sertão;SC;M;01566621000108;1868;0
4205407;Florianópolis;SC;M;82892282000143;587486;1
4205431;Formosa do Sul;SC;M;80637424000109;2752;0
4205456;Forquilhinha;SC;M;81531162000158;34771;0
4205506;Fraiburgo;SC;M;82947979000174;34065;0
4205555;Frei Rogério;SC;M;01616039000109;2437;0
4205605;Galvão;SC;M;83009902000116;3168;0
4205704;Garopaba;SC;M;82836057000190;34070;0
4205803;Garuva;SC;M;83102848000159;19970;0
4205902;Gaspar;SC;M;83102244000102;78344;0
4206009;Governador Celso Ramos;SC;M;82892373000189;18280;0
4206108;Grão Pará;SC;M;82558149000155;6403;0
4206207;Gravatal;SC;M;82926569000147;13158;0
4206306;Guabiruba;SC;M;83102368000198;26645;0
4206405;Guaraciaba;SC;M;82821216000182;11071;0
4206504;Guaramirim;SC;M;83102475000116;51009;0
4206603;Guarujá do Sul;SC;M;83027045000187;4893;0
4206652;Guatambú;SC;M;95990206000112;9611;0
4206702;Herval d'Oeste;SC;M;82939430000138;22222;0
4206751;Ibiam;SC;M;01612745000174;2061;0
4206801;Ibicaré;SC;M;82939448000130;3295;0
4206900;Ibirama;SC;M;83102418000137;20900;0
4207007;Içara;SC;M;82916800000111;63489;0
4207106;Ilhota;SC;M;83102301000153;18627;0
4207205;Imaruí;SC;M;82538851000157;12150;0
4207304;Imbituba;SC;M;82909409000190;57256;0
4207403;Imbuia;SC;M;83102632000193;6166;0
4207502;Indaial;SC;M;83102798000100;77888;0
4207577;Iomerê;SC;M;01612744000120;2967;0
4207601;Ipira;SC;M;82814260000165;4622;0
4207650;Iporã do Oeste;SC;M;78485554000113;9759;0
4207684;Ipuaçu;SC;M;95993028000183;8133;0
4207700;Ipumirim;SC;M;82814575000102;8121;0
4207759;Iraceminha;SC;M;80623606000112;3981;0
4207809;Irani;SC;M;82939455000131;10560;0
4207858;Irati;SC;M;95990230000151;2098;0
4207908;Irineópolis;SC;M;83102558000105;10427;0
4208005;Itá;SC;M;83024240000153;7370;0
4208104;Itaiópolis;SC;M;83102517000119;22906;0
4208203;Itajaí;SC;M;83102277000152;294850;0
4208302;Itapema;SC;M;82572207000103;86116;0
4208401;Itapiranga;SC;M;82821208000136;17268;0
4208450;Itapoá;SC;M;81140303000101;36033;0
4208500;Ituporanga;SC;M;83102640000130;28461;0
4208609;Jaborá;SC;M;82939463000188;4461;0
4208708;Jacinto Machado;SC;M;82960758000136;10818;0
4208807;Jaguaruna;SC;M;82928698000174;21570;0
4208906;Jaraguá do Sul;SC;M;83102459000123;199519;0
4208955;Jardinópolis;SC;M;80637457000140;1810;0
4209003;Joaçaba;SC;M;82939380000199;31809;0
4209102;Joinville;SC;M;83169623000110;664541;0
4209151;José Boiteux;SC;M;79372553000125;6415;0
4209177;Jupiá;SC;M;01593132000137;2713;0
4209201;Lacerdópolis;SC;M;82939471000124;2302;0
4209300;Lages;SC;M;82777301000190;172458;0
4209409;Laguna;SC;M;82928706000182;44060;0
4209458;Lajeado Grande;SC;M;95993077000116;1791;0
4209508;Laurentino;SC;M;83102657000197;8605;0
4209607;Lauro Muller;SC;M;82558909000124;14628;0
4209706;Lebon Régis;SC;M;83074310000188;11575;0
4209805;Leoberto Leal;SC;M;82924390000150;3379;0
4209854;Lindóia do Sul;SC;M;78510112000180;4604;0
4209904;Lontras;SC;M;83102665000133;13829;0
4210001;Luiz Alves;SC;M;83102319000155;12246;0
4210035;Luzerna;SC;M;01613428000172;5951;0
4210050;Macieira;SC;M;95992020000100;1796;0
4210100;Mafra;SC;M;83102509000172;57262;0
4210209;Major Gercino;SC;M;82845744000171;3253;0
4210308;Major Vieira;SC;M;83102392000127;7543;0
4210407;Maracajá;SC;M;82915026000124;8344;0
4210506;Maravilha;SC;M;82821190000172;30743;0
4210555;Marema;SC;M;78509072000156;2218;0
4210605;Massaranduba;SC;M;83102483000162;18122;0
4210704;Matos Costa;SC;M;83102566000151;2789;0
4210803;Meleiro;SC;M;82837741000196;7128;0
4210852;Mirim Doce;SC;M;95952248000169;2554;0
4210902;Modelo;SC;M;83021832000111;4159;0
4211009;Mondaí;SC;M;83028415000109;10206;0
4211058;Monte Carlo;SC;M;95996104000104;9218;0
4211108;Monte Castelo;SC;M;83102525000165;7747;0
4211207;Morro da Fumaça;SC;M;83000323000102;19490;0
4211256;Morro Grande;SC;M;95782785000108;3097;0
4211306;Navegantes;SC;M;83102855000150;96046;0
4211405;Nova Erechim;SC;M;83021840000168;5490;0
4211454;Nova Itaberaba;SC;M;95990131000170;4672;0
4211504;Nova Trento;SC;M;82925025000160;14395;0
4211603;Nova Veneza;SC;M;82916826000160;14004;0
4211652;Novo Horizonte;SC;M;95990115000187;2661;0
4211702;Orleans;SC;M;82926544000143;24686;0
4211751;Otacílio Costa;SC;M;75326066000175;17873;0
4211801;Ouro;SC;M;82777228000157;7062;0
4211850;Ouro Verde;SC;M;80913031000172;2195;0
4211876;Paial;SC;M;01614376000159;2007;0
4211892;Painel;SC;M;01608820000123;2216;0
4211900;Palhoça;SC;M;82892316000108;253469;0
4212007;Palma Sola;SC;M;83028639000102;7696;0
4212056;Palmeira;SC;M;01610566000106;2658;0
4212106;Palmitos;SC;M;85361863000147;15781;0
4212205;Papanduva;SC;M;83102533000101;19769;0
4212239;Paraíso;SC;M;80912009000108;4394;0
4212254;Passo de Torres;SC;M;95782793000154;14859;0
4212270;Passos Maia;SC;M;95993085000162;3997;0
4212304;Paulo Lopes;SC;M;82892365000132;9879;0
4212403;Pedras Grandes;SC;M;82928680000172;4355;0
4212502;Penha;SC;M;83102327000100;36995;0
4212601;Peritiba;SC;M;82815085000120;3040;0
4212700;Petrolândia;SC;M;83102673000180;6996;0
4212809;Balneário Piçarras;SC;M;83102335000148;30593;0
4212908;Pinhalzinho;SC;M;83021857000115;23897;0
4213005;Pinheiro Preto;SC;M;82827148000169;3631;0
4213104;Piratuba;SC;M;82815481000158;6144;0
4213153;Planalto Alegre;SC;M;95990255000155;3081;0
4213203;Pomerode;SC;M;83102251000104;37003;0
4213302;Ponte Alta;SC;M;83755850000127;4390;0
4213351;Ponte Alta do Norte;SC;M;95991287000175;3241;0
4213401;Ponte Serrada;SC;M;82777236000101;10732;0
4213500;Porto Belo;SC;M;82575812000120;31557;0
4213609;Porto União;SC;M;83102541000158;33694;0
4213708;Pouso Redondo;SC;M;83102681000126;18051;0
4213807;Praia Grande;SC;M;82913211000180;8696;0
4213906;Presidente Castello Branco;SC;M;82777244000140;1707;0
4214003;Presidente Getúlio;SC;M;83102434000120;21764;0
4214102;Presidente Nereu;SC;M;83102699000128;2347;0
4214151;Princesa;SC;M;01612836000100;3073;0
4214201;Quilombo;SC;M;83021865000161;11433;0
4214300;Rancho Queimado;SC;M;82892357000196;3484;0
4214409;Rio das Antas;SC;M;83074294000123;6399;0
4214508;Rio do Campo;SC;M;83102707000136;6638;0
4214607;Rio do Oeste;SC;M;83102715000182;8071;0
4214706;Rio dos Cedros;SC;M;83102806000118;11218;0
4214805;Rio do Sul;SC;M;83102574000106;77451;0
4214904;Rio Fortuna;SC;M;82926585000130;5044;0
4215000;Rio Negrinho;SC;M;83102756000179;40132;0
4215059;Rio Rufino;SC;M;95991071000100;2429;0
4215075;Riqueza;SC;M;95988309000148;4828;0
4215109;Rodeio;SC;M;83102814000164;13491;0
4215208;Romelândia;SC;M;82821182000126;4684;0
4215307;Salete;SC;M;83102723000129;7656;0
4215356;Saltinho;SC;M;01612844000156;3604;0
4215406;Salto Veloso;SC;M;82827353000124;4495;0
4215455;Sangão;SC;M;95780458000117;13797;0
4215505;Santa Cecília;SC;M;85997237000141;15749;0
4215554;Santa Helena;SC;M;80912140000175;2476;0
4215604;Santa Rosa de Lima;SC;M;82926593000186;2131;0
4215653;Santa Rosa do Sul;SC;M;80989965000198;10450;0
4215679;Santa Terezinha;SC;M;95951323000177;8015;0
4215687;Santa Terezinha do Progresso;SC;M;01612847000190;2534;0
4215695;Santiago do Sul;SC;M;01612781000138;1732;0
4215703;Santo Amaro da Imperatriz;SC;M;82892324000146;30099;0
4215752;São Bernardino;SC;M;01612812000150;2715;0
4215802;São Bento do Sul;SC;M;86051398000100;87661;0
4215901;São Bonifácio;SC;M;82892340000139;2982;0
4216008;São Carlos;SC;M;82945718000115;10462;0
4216057;São Cristovão do Sul;SC;M;95991261000127;6489;0
4216107;São Domingos;SC;M;83009894000108;9343;0
4216206;São Francisco do Sul;SC;M;83102269000106;56726;0
4308102;Feliz;RS;M;87838330000139;13994;0
4308201;Flores da Cunha;RS;M;87843819000107;32015;0
4308250;Floriano Peixoto;RS;M;01612289000162;1690;0
4308300;Fontoura Xavier;RS;M;87612768000102;9710;0
4308409;Formigueiro;RS;M;97228126000150;6527;0
4308433;Forquetinha;RS;M;04214401000103;2441;0
4308458;Fortaleza dos Valos;RS;M;89708051000186;4569;0
4308508;Frederico Westphalen;RS;M;87612917000125;33726;0
4308607;Garibaldi;RS;M;88594999000195;35563;0
4308656;Garruchos;RS;M;92891035000186;2724;0
4308706;Gaurama;RS;M;87613428000198;5779;0
4308805;General Câmara;RS;M;88117726000150;7743;0
4308854;Gentil;RS;M;92411875000102;1784;0
4308904;Getúlio Vargas;RS;M;87613410000196;16955;0
4309001;Giruá;RS;M;87613048000153;16273;0
4309050;Glorinha;RS;M;91338558000137;7851;0
4309100;Gramado;RS;M;88847082000155;41705;0
4309126;Gramado dos Loureiros;RS;M;94703964000140;2047;0
4309159;Gramado Xavier;RS;M;94577509000145;3350;0
4309209;Gravataí;RS;M;87890992000158;275430;0
4309258;Guabiju;RS;M;91566844000150;1441;0
4309308;Guaíba;RS;M;88811922000120;95946;0
4309407;Guaporé;RS;M;87862397000109;26168;0
4309506;Guarani das Missões;RS;M;87613030000151;7547;0
4309555;Harmonia;RS;M;91693283000150;5535;0
4309571;Herveiras;RS;M;01617873000100;2604;0
4309605;Horizontina;RS;M;87612834000136;19252;0
4309654;Hulha Negra;RS;M;94702784000143;6102;0
4309704;Humaitá;RS;M;87613139000199;4772;0
4309753;Ibarama;RS;M;92000231000113;3787;0
4309803;Ibiaçá;RS;M;87613592000103;4617;0
4309902;Ibiraiaras;RS;M;87613584000159;6827;0
4309951;Ibirapuitã;RS;M;92406263000113;3789;0
4310009;Ibirubá;RS;M;87564381000110;22106;0
4310108;Igrejinha;RS;M;88379763000136;34776;0
4310207;Ijuí;RS;M;90738196000109;87848;0
4310306;Ilópolis;RS;M;88186424000133;4245;0
4310330;Imbé;RS;M;90256652000184;28027;0
4310363;Imigrante;RS;M;92454776000108;3149;0
4310405;Independência;RS;M;87612826000190;6557;0
4310413;Inhacorá;RS;M;93244606000153;2047;0
4310439;Ipê;RS;M;90544511000167;5490;0
4310462;Ipiranga do Sul;RS;M;92453836000160;1748;0
4310504;Iraí;RS;M;87612941000164;7619;0
4310538;Itaara;RS;M;01605306000134;5712;0
4310553;Itacurubi;RS;M;91573048000144;3038;0
4310579;Itapuca;RS;M;93856862000100;1963;0
4310603;Itaqui;RS;M;88120662000146;36811;0
4310652;Itati;RS;M;04158995000174;2696;0
3549250;São João de Iracema;SP;M;59764472000163;1882;0
3549300;São João do Pau d'Alho;SP;M;44919314000168;2293;0
3549409;São Joaquim da Barra;SP;M;59851543000165;49885;0
3549508;São José da Bela Vista;SP;M;59851600000106;7664;0
3549607;São José do Barreiro;SP;M;45200623000146;3888;0
3549706;São José do Rio Pardo;SP;M;45741659000137;53427;0
3549805;São José do Rio Preto;SP;M;46588950000180;504166;0
3549904;São José dos Campos;SP;M;46643466000106;727078;0
3549953;São Lourenço da Serra;SP;M;59058131000172;16479;0
3550001;São Luís do Paraitinga;SP;M;46631248000151;10487;0
3550100;São Manuel;SP;M;46634523000190;38131;0
3550209;São Miguel Arcanjo;SP;M;46634333000173;32924;0
3550308;São Paulo;SP;M;46395000000139;11904961;1
3550407;São Pedro;SP;M;46415998000196;39855;0
3550506;São Pedro do Turvo;SP;M;44567014000167;7333;0
3550605;São Roque;SP;M;70946009000175;81366;0
3550704;São Sebastião;SP;M;46482832000192;84280;0
3550803;São Sebastião da Grama;SP;M;45741527000105;10428;0
3550902;São Simão;SP;M;45369220000125;13560;0
3551009;São Vicente;SP;M;46177523000109;338326;0
3551108;Sarapuí;SP;M;46634341000110;10677;0
3551207;Sarutaiá;SP;M;46223731000105;3772;0
3551306;Sebastianópolis do Sul;SP;M;52879780000195;3191;0
3551405;Serra Azul;SP;M;44229839000171;13108;0
3551504;Serrana;SP;M;44229813000123;45580;0
3551603;Serra Negra;SP;M;44847663000111;31047;0
3551702;Sertãozinho;SP;M;45371820000128;132176;0
3551801;Sete Barras;SP;M;46587275000174;12903;0
3551900;Severínia;SP;M;46596235000199;14693;0
3552007;Silveiras;SP;M;45192564000101;6329;0
3552106;Socorro;SP;M;46444063000138;41527;0
3552205;Sorocaba;SP;M;46634044000174;762172;0
3552304;Sud Mennucci;SP;M;45746120000170;7464;0
3552403;Sumaré;SP;M;45787660000100;291116;0
3552502;Suzano;SP;M;46523056000121;320261;0
3552551;Suzanápolis;SP;M;59764944000188;3465;0
3552601;Tabapuã;SP;M;45128816000133;11498;0
3552700;Tabatinga;SP;M;71989685000199;14997;0
3552809;Taboão da Serra;SP;M;46523122000163;285307;0
3552908;Taciba;SP;M;55354302000150;6418;0
3553005;Taguaí;SP;M;46223723000150;13068;0
3553104;Taiaçu;SP;M;44544690000115;5744;0
3553203;Taiúva;SP;M;45339611000105;6770;0
3553302;Tambaú;SP;M;46373445000118;21650;0
3553401;Tanabi;SP;M;45157104000142;26071;0
3553500;Tapiraí;SP;M;46634465000103;8122;0
3553609;Tapiratiba;SP;M;45742707000101;11903;0
3553658;Taquaral;SP;M;01610390000184;2649;0
3553708;Taquaritinga;SP;M;72130818000130;53264;0
3553807;Taquarituba;SP;M;46634218000107;24932;0
3553856;Taquarivaí;SP;M;60123049000163;7170;0
3553906;Tarabai;SP;M;44873396000157;6633;0
3553955;Tarumã;SP;M;64614449000122;15315;0
3554003;Tatuí;SP;M;46634564000187;129130;0
3554102;Taubaté;SP;M;45176005000108;322397;0
3554201;Tejupá;SP;M;46223756000109;4119;0
3554300;Teodoro Sampaio;SP;M;44951515000142;22598;0
3554409;Terra Roxa;SP;M;45709896000110;7965;0
3554508;Tietê;SP;M;46634598000171;38723;0
3554607;Timburi;SP;M;46223715000104;2484;0
3554656;Torre de Pedra;SP;M;67363416000145;2056;0
3554706;Torrinha;SP;M;46364220000103;9484;0
3554755;Trabiju;SP;M;01572597000101;1724;0
3554805;Tremembé;SP;M;46638714000120;53426;0
3554904;Três Fronteiras;SP;M;46601944000115;7060;0
3156700;Sabará;MG;M;18715441000135;134576;0
3156809;Sabinópolis;MG;M;18307454000175;14309;0
3156908;Sacramento;MG;M;18140764000148;28076;0
3157005;Salinas;MG;M;24359333000170;41736;0
3157104;Salto da Divisa;MG;M;18347401000188;6126;0
3157203;Santa Bárbara;MG;M;19391945000100;31916;0
3157252;Santa Bárbara do Leste;MG;M;66229634000129;8785;0
3157278;Santa Bárbara do Monte Verde;MG;M;01611138000190;3218;0
3157302;Santa Bárbara do Tugúrio;MG;M;18094854000140;4245;0
3157336;Santa Cruz de Minas;MG;M;01615371000140;8339;0
3157377;Santa Cruz de Salinas;MG;M;01612497000161;3919;0
3157401;Santa Cruz do Escalvado;MG;M;18316273000105;4728;0
3157500;Santa Efigênia de Minas;MG;M;18307462000111;4038;0
3157609;Santa Fé de Minas;MG;M;18279075000119;3528;0
3157658;Santa Helena de Minas;MG;M;01613395000160;6056;0
3157708;Santa Juliana;MG;M;18140780000130;16820;0
3157807;Santa Luzia;MG;M;18715409000150;230382;0
3157906;Santa Margarida;MG;M;18385112000173;16989;0
3158003;Santa Maria de Itabira;MG;M;18299453000126;10718;0
3158102;Santa Maria do Salto;MG;M;18347419000180;4777;0
3202504;Ibiraçu;ES;M;27165208000117;12304;0
3202553;Ibitirama;ES;M;31726490000131;10015;0
3202603;Iconha;ES;M;27165646000185;12790;0
3202652;Irupi;ES;M;36403954000192;14647;0
3202702;Itaguaçu;ES;M;27167451000174;14042;0
3202801;Itapemirim;ES;M;27174168000170;44020;0
3202900;Itarana;ES;M;27104363000123;10975;0
3203007;Iúna;ES;M;27167394000123;30556;0
3203056;Jaguaré;ES;M;27744184000150;31551;0
3203106;Jerônimo Monteiro;ES;M;27165653000187;12108;0
3203130;João Neiva;ES;M;31776479000186;14295;0
3203163;Laranja da Terra;ES;M;31796097000114;11597;0
3203205;Linhares;ES;M;27167410000188;183797;0
3203304;Mantenópolis;ES;M;27167345000190;13131;0
3203320;Marataízes;ES;M;01609408000128;45953;0
3203346;Marechal Floriano;ES;M;39385927000122;18964;0
3203353;Marilândia;ES;M;27744176000104;13087;0
3203403;Mimoso do Sul;ES;M;27174119000137;25088;0
3203502;Montanha;ES;M;27174051000196;19830;0
3203601;Mucurici;ES;M;27174069000198;5653;0
3203700;Muniz Freire;ES;M;27165687000171;18809;0
3203809;Muqui;ES;M;27082403000183;14185;0
3203908;Nova Venécia;ES;M;27167428000180;52324;0
3204005;Pancas;ES;M;27174150000178;19120;0
3204054;Pedro Canário;ES;M;28539872000141;21923;0
3204104;Pinheiros;ES;M;27174085000180;24843;0
3204203;Piúma;ES;M;27165695000118;23912;0
3204252;Ponto Belo;ES;M;01614334000118;6671;0
3204302;Presidente Kennedy;ES;M;27165703000126;14852;0
3204351;Rio Bananal;ES;M;27744143000164;20350;0
3204401;Rio Novo do Sul;ES;M;27165711000172;11471;0
3204500;Santa Leopoldina;ES;M;27165521000155;13813;0
3204559;Santa Maria de Jetibá;ES;M;36388445000138;45575;0
3204609;Santa Teresa;ES;M;27167444000172;23872;0
3204658;São Domingos do Norte;ES;M;36350312000172;9051;0
3204708;São Gabriel da Palha;ES;M;27174143000176;34272;0
3204807;São José do Calçado;ES;M;27167402000131;11411;0
3204906;São Mateus;ES;M;27167477000112;134423;0
3204955;São Roque do Canaã;ES;M;01612865000171;11256;0
3205002;Serra;ES;M;27174093000127;579720;0
3205010;Sooretama;ES;M;01612155000141;28668;0
3205036;Vargem Alta;ES;M;31723570000133;20390;0
3205069;Venda Nova do Imigrante;ES;M;31723497000108;25395;0
3205101;Viana;ES;M;27165547000101;79043;0
3205150;Vila Pavão;ES;M;36350346000167;9319;0
3170107;Uberaba;MG;M;18428839000190;356781;0
3170206;Uberlândia;MG;M;18431312000115;761835;0
3170305;Umburatiba;MG;M;18404996000166;2742;0
3170404;Unaí;MG;M;18125161000177;91320;0
3170438;União de Minas;MG;M;01051819000140;3818;0
3170479;Uruana de Minas;MG;M;01609942000134;3365;0
3170503;Urucânia;MG;M;18316281000151;10899;0
3170529;Urucuia;MG;M;25223850000180;18515;0
3170578;Vargem Alegre;MG;M;01613128000193;5800;0
3170602;Vargem Bonita;MG;M;16788309000128;2207;0
3170651;Vargem Grande do Rio Pardo;MG;M;01612885000142;4724;0
3170701;Varginha;MG;M;18240119000105;143676;0
3170750;Varjão de Minas;MG;M;01609780000134;7305;0
3170800;Várzea da Palma;MG;M;18279059000126;34555;0
3170909;Varzelândia;MG;M;18017467000100;19210;0
3171006;Vazante;MG;M;18278069000147;20459;0
3171030;Verdelândia;MG;M;01612505000170;7737;0
3171071;Veredinha;MG;M;01614685000129;5240;0
3171105;Veríssimo;MG;M;18428946000119;3478;0
3171154;Vermelho Novo;MG;M;01620744000171;5048;0
3171204;Vespasiano;MG;M;18715425000142;138583;0
3171303;Viçosa;MG;M;18132449000179;79517;0
3171402;Vieiras;MG;M;17947599000178;3781;0
3171501;Mathias Lobato;MG;M;18332619000169;3053;0
3171600;Virgem da Lapa;MG;M;18348730000143;11774;0
3171709;Virgínia;MG;M;25970260000110;9164;0
3171808;Virginópolis;MG;M;18307512000160;10511;0
3171907;Virgolândia;MG;M;18409185000158;4471;0
3172004;Visconde do Rio Branco;MG;M;18137927000133;40711;0
3172103;Volta Grande;MG;M;17710690000175;4441;0
3172202;Wenceslau Braz;MG;M;18026013000103;2377;0
3200102;Afonso Cláudio;ES;M;27165562000141;32456;0
3200136;Águia Branca;ES;M;31796584000187;10143;0
3200169;Água Doce do Norte;ES;M;31796626000180;12585;0
3200201;Alegre;ES;M;27174101000135;30702;0
3200300;Alfredo Chaves;ES;M;27142686000101;14376;0
3200359;Alto Rio Novo;ES;M;31796659000120;7760;0
3200409;Anchieta;ES;M;27142694000158;33017;0
3200508;Apiacá;ES;M;27165604000144;7462;0
3200607;Aracruz;ES;M;27142702000166;103363;0
3200706;Atilio Vivacqua;ES;M;27165620000137;11046;0
3200805;Baixo Guandu;ES;M;27165737000110;32829;0
3200904;Barra de São Francisco;ES;M;27165745000167;45415;0
3201001;Boa Esperança;ES;M;27167436000126;14054;0
3201100;Bom Jesus do Norte;ES;M;27167360000139;10820;0
3201159;Brejetuba;ES;M;01612674000100;13718;0
3201209;Cachoeiro de Itapemirim;ES;M;27165588000190;198342;0
3201308;Cariacica;ES;M;27150549000119;376200;0
3201407;Castelo;ES;M;27165638000139;39575;0
3201506;Colatina;ES;M;27165729000174;129301;0
3201605;Conceição da Barra;ES;M;27174077000134;28923;0
3201704;Conceição do Castelo;ES;M;27165570000198;12472;0
3201803;Divino de São Lourenço;ES;M;27174127000183;5397;0
3201902;Domingos Martins;ES;M;27150556000110;38236;0
3202009;Dores do Rio Preto;ES;M;27167386000187;6902;0
3202108;Ecoporanga;ES;M;27167311000104;22611;0
3202207;Fundão;ES;M;27165182000107;18898;0
3202256;Governador Lindenberg;ES;M;04217786000154;11484;0
3202306;Guaçuí;ES;M;27174135000120;31418;0
3202405;Guarapari;ES;M;27165190000153;136311;0
3202454;Ibatiba;ES;M;27744150000166;27543;0
4216255;São João do Oeste;SC;M;80911936000103;6467;0
4216305;São João Batista;SC;M;82925652000100;35336;0
4216354;São João do Itaperiú;SC;M;95954442000183;4827;0
4216404;São João do Sul;SC;M;82547274000160;9278;0
4216503;São Joaquim;SC;M;82561093000198;26982;0
4216602;São José;SC;M;82892274000105;295658;0
4216701;São José do Cedro;SC;M;83026781000110;14538;0
4216800;São José do Cerrito;SC;M;82777327000139;8706;0
4216909;São Lourenço do Oeste;SC;M;83021873000108;26056;0
4217006;São Ludgero;SC;M;82926536000105;14444;0
4217105;São Martinho;SC;M;82836818000103;3520;0
4217154;São Miguel da Boa Vista;SC;M;80912124000182;1777;0
4217204;São Miguel do Oeste;SC;M;82821174000180;47724;0
4217253;São Pedro de Alcântara;SC;M;01613101000109;6175;0
4217303;Saudades;SC;M;83021881000154;10799;0
4217402;Schroeder;SC;M;83102491000109;21710;0
4217501;Seara;SC;M;83024505000113;19399;0
4217550;Serra Alta;SC;M;80622319000198;3370;0
4217600;Siderópolis;SC;M;82929407000162;14156;0
4217709;Sombrio;SC;M;82963216000117;31722;0
4217758;Sul Brasil;SC;M;95990107000130;2900;0
4217808;Taió;SC;M;82765488000102;18909;0
4217907;Tangará;SC;M;82827999000101;8144;0
4217956;Tigrinhos;SC;M;01566620000155;2535;0
4218004;Tijucas;SC;M;82577636000165;58695;0
4218103;Timbé do Sul;SC;M;82915232000134;5503;0
4218202;Timbó;SC;M;83102764000115;49768;0
4218251;Timbó Grande;SC;M;78497492000160;7521;0
4218301;Três Barras;SC;M;83102400000135;20525;0
4218350;Treviso;SC;M;01614019000190;3920;0
4218400;Treze de Maio;SC;M;82928672000126;7633;0
4218509;Treze Tílias;SC;M;82777251000141;9531;0
4218608;Trombudo Central;SC;M;83102731000175;7599;0
4218707;Tubarão;SC;M;82928656000133;116725;0
4218756;Tunápolis;SC;M;78486198000152;5081;0
4218806;Turvo;SC;M;82548983000160;13604;0
4218855;União do Oeste;SC;M;78505591000146;2791;0
4218905;Urubici;SC;M;82843582000132;11064;0
4218954;Urupema;SC;M;78492576000100;2751;0
4219002;Urussanga;SC;M;82930181000110;21464;0
4219101;Vargeão;SC;M;83009928000164;3726;0
4219150;Vargem;SC;M;95995130000118;2613;0
4219176;Vargem Bonita;SC;M;95996187000131;4597;0
4219200;Vidal Ramos;SC;M;83102376000134;6266;0
4219309;Videira;SC;M;83039842000184;59074;0
4219358;Vitor Meireles;SC;M;79372520000185;5507;0
4219408;Witmarsum;SC;M;83102442000176;4513;0
4219507;Xanxerê;SC;M;83009860000113;54891;0
4219606;Xavantina;SC;M;83009878000115;3583;0
4219705;Xaxim;SC;M;82854670000130;34485;0
4219853;Zortéa;SC;M;01612387000108;4257;0
4300034;Aceguá;RS;M;04217437000132;4251;0
4300059;Água Santa;RS;M;92406495000171;4003;0
4300109;Agudo;RS;M;87531976000179;16341;0
4300208;Ajuricaba;RS;M;87613253000119;6843;0
4300307;Alecrim;RS;M;87612784000197;6219;0
4300406;Alegrete;RS;M;87896874000157;74285;0
4300455;Alegria;RS;M;92465228000175;3705;0
4300471;Almirante Tamandaré do Sul;RS;M;04215782000137;2007;0
4300505;Alpestre;RS;M;87612933000118;7235;0
4300554;Alto Alegre;RS;M;92406057000103;1837;0
4300570;Alto Feliz;RS;M;92123926000192;3145;0
4300604;Alvorada;RS;M;88000906000157;194062;0
4300638;Amaral Ferrador;RS;M;90152299000192;5384;0
4300646;Ametista do Sul;RS;M;92411156000183;7826;0
4300661;André da Rocha;RS;M;90483066000172;1156;0
4300703;Anta Gorda;RS;M;87261509000176;6080;0
4300802;Antônio Prado;RS;M;87842233000110;13332;0
4300851;Arambaré;RS;M;90152950000124;4215;0
4300877;Araricá;RS;M;01612918000154;8831;0
4300901;Aratiba;RS;M;87613469000184;6618;0
4301008;Arroio do Meio;RS;M;87297271000139;22523;0
4301057;Arroio do Sal;RS;M;91103093000135;11418;0
4301073;Arroio do Padre;RS;M;04218960000183;2650;0
4301107;Arroio dos Ratos;RS;M;88363072000144;14934;0
4301206;Arroio do Tigre;RS;M;87590998000100;12291;0
4301305;Arroio Grande;RS;M;88860366000181;17879;0
4301404;Arvorezinha;RS;M;87612750000100;10547;0
4301503;Augusto Pestana;RS;M;87613246000117;7303;0
4301552;Áurea;RS;M;92453802000175;3458;0
4301602;Bagé;RS;M;88073291000199;121928;0
4301636;Balneário Pinhal;RS;M;01611339000197;15413;0
4301651;Barão;RS;M;91693325000152;6496;0
4301701;Barão de Cotegipe;RS;M;87613451000182;7320;0
4301750;Barão do Triunfo;RS;M;91900365000128;5972;0
4301800;Barracão;RS;M;87613618000105;4915;0
4301859;Barra do Guarita;RS;M;94726312000120;3231;0
4301875;Barra do Quaraí;RS;M;01610910000159;4340;0
4301909;Barra do Ribeiro;RS;M;88811930000176;12473;0
4301925;Barra do Rio Azul;RS;M;93539153000192;1721;0
4301958;Barra Funda;RS;M;94704004000102;2557;0
4302006;Barros Cassal;RS;M;87612735000154;9425;0
4302055;Benjamin Constant do Sul;RS;M;01612292000186;2118;0
4302105;Bento Gonçalves;RS;M;87849923000109;127977;0
4302154;Boa Vista das Missões;RS;M;92410562000121;1968;0
4302204;Boa Vista do Buricá;RS;M;87612867000186;7129;0
4302220;Boa Vista do Cadeado;RS;M;04216132000106;2269;0
4302238;Boa Vista do Incra;RS;M;04215199000126;2314;0
4302253;Boa Vista do Sul;RS;M;01602022000194;2815;0
4302303;Bom Jesus;RS;M;87851200000136;11429;0
4302352;Bom Princípio;RS;M;90873787000199;13665;0
4302378;Bom Progresso;RS;M;94726353000117;2132;0
4302402;Bom Retiro do Sul;RS;M;87242707000192;12587;0
4302451;Boqueirão do Leão;RS;M;92454818000100;6202;0
4302501;Bossoroca;RS;M;87613014000169;5978;0
4302584;Bozano;RS;M;04216419000136;2195;0
4302600;Braga;RS;M;87613170000120;3322;0
4302659;Brochier;RS;M;91693309000160;5083;0
3547007;Santa Maria da Serra;SP;M;44720530000180;5308;0
3547106;Santa Mercedes;SP;M;44919066000155;3017;0
3547205;Santana da Ponte Pensa;SP;M;45138088000140;1699;0
3547304;Santana de Parnaíba;SP;M;46522983000127;163787;0
3547403;Santa Rita d'Oeste;SP;M;45138336000153;2796;0
3547502;Santa Rita do Passa Quatro;SP;M;45749819000194;24996;0
3547601;Santa Rosa de Viterbo;SP;M;45368545000193;23710;0
3547650;Santa Salete;SP;M;01611211000123;1692;0
3547700;Santo Anastácio;SP;M;54279666000150;17960;0
3547809;Santo André;SP;M;46522942000130;782048;0
3547908;Santo Antônio da Alegria;SP;M;45302130000117;6933;0
3548005;Santo Antônio de Posse;SP;M;45331196000135;23867;0
3548054;Santo Antônio do Aracanguá;SP;M;59764399000120;8593;0
3548104;Santo Antônio do Jardim;SP;M;45739091000110;6243;0
3548203;Santo Antônio do Pinhal;SP;M;45701455000172;7314;0
3548302;Santo Expedito;SP;M;46439113000199;3069;0
3548401;Santópolis do Aguapeí;SP;M;44445054000136;3921;0
3548500;Santos;SP;M;58200015000183;429547;0
3548609;São Bento do Sapucaí;SP;M;45195823000158;11989;0
3548708;São Bernardo do Campo;SP;M;46523239000147;841154;0
3548807;São Caetano do Sul;SP;M;59307595000175;172693;0
3548906;São Carlos;SP;M;45358249000101;266427;0
3549003;São Francisco;SP;M;46603395000118;2623;0
3549102;São João da Boa Vista;SP;M;46429379000150;96080;0
3549201;São João das Duas Pontes;SP;M;45116712000109;2623;0
3205176;Vila Valério;ES;M;01619232000195;14267;0
3205200;Vila Velha;ES;M;27165554000103;506779;0
3205309;Vitória;ES;M;27142058000126;343378;1
3300100;Angra dos Reis;RJ;M;29172467000109;179142;0
3300159;Aperibé;RJ;M;36288900000123;11426;0
3300209;Araruama;RJ;M;28531762000133;137906;0
3300225;Areal;RJ;M;39554605000160;12239;0
3300233;Armação dos Búzios;RJ;M;01616171000102;42527;0
3300258;Arraial do Cabo;RJ;M;27792373000107;32822;0
3300308;Barra do Piraí;RJ;M;28576080000147;98506;0
3300407;Barra Mansa;RJ;M;28695658000184;181679;0
3300456;Belford Roxo;RJ;M;39485438000142;518384;0
3300506;Bom Jardim;RJ;M;28561041000176;29758;0
3300605;Bom Jesus do Itabapoana;RJ;M;28812972000108;37176;0
3300704;Cabo Frio;RJ;M;28549483000105;238438;0
3300803;Cachoeiras de Macacu;RJ;M;29128766000138;59861;0
3300902;Cambuci;RJ;M;29111085000167;15069;0
3300936;Carapebus;RJ;M;01609497000102;14329;0
3300951;Comendador Levy Gasparian;RJ;M;39554597000151;9048;0
3301009;Campos dos Goytacazes;RJ;M;29116894000161;519259;0
3301108;Cantagalo;RJ;M;28645794000160;19995;0
3301157;Cardoso Moreira;RJ;M;39228739000190;13407;0
3301207;Carmo;RJ;M;29128741000134;17741;0
3301306;Casimiro de Abreu;RJ;M;29115458000178;48636;0
3301405;Conceição de Macabu;RJ;M;29115466000114;21770;0
3301504;Cordeiro;RJ;M;28614865000167;21448;0
3301603;Duas Barras;RJ;M;28564177000130;11355;0
3301702;Duque de Caxias;RJ;M;29138328000150;866225;0
3301801;Engenheiro Paulo de Frontin;RJ;M;29079480000100;12644;0
3301850;Guapimirim;RJ;M;39547500000183;54311;0
3301876;Iguaba Grande;RJ;M;01615882000162;29616;0
3301900;Itaboraí;RJ;M;28741080000155;240127;0
3302007;Itaguaí;RJ;M;29138302000102;124021;0
3302056;Italva;RJ;M;30417158000122;14518;0
3302106;Itaocara;RJ;M;28615557000156;23645;0
3302205;Itaperuna;RJ;M;28916716000152;107297;0
3302254;Itatiaia;RJ;M;31846892000170;32713;0
3302270;Japeri;RJ;M;39485396000140;102171;0
3302304;Laje do Muriaé;RJ;M;28919637000103;7584;0
3302403;Macaé;RJ;M;29115474000160;264439;0
3302452;Macuco;RJ;M;01617237000189;5602;0
3302502;Magé;RJ;M;29138351000145;244142;0
3302601;Mangaratiba;RJ;M;29138310000159;43660;0
3302700;Maricá;RJ;M;29131075000193;212470;0
3302809;Mendes;RJ;M;28580694000100;18048;0
3302858;Mesquita;RJ;M;04132090000125;178830;0
3302908;Miguel Pereira;RJ;M;32415283000129;28142;0
3303005;Miracema;RJ;M;29114121000146;28416;0
3303104;Natividade;RJ;M;28920304000196;15551;0
3303203;Nilópolis;RJ;M;29138286000158;155500;0
3303302;Niterói;RJ;M;28521748000159;516787;0
3303401;Nova Friburgo;RJ;M;28606630000123;203417;0
3303500;Nova Iguaçu;RJ;M;29138278000101;843220;0
3303609;Paracambi;RJ;M;29138294000102;43627;0
3303708;Paraíba do Sul;RJ;M;29138385000130;44479;0
3303807;Paraty;RJ;M;29172475000147;47668;0
3303856;Paty do Alferes;RJ;M;31844889000117;31370;0
3303906;Petrópolis;RJ;M;29138344000143;294926;0
3303955;Pinheiral;RJ;M;01612981000190;25096;0
3304003;Piraí;RJ;M;29141322000132;29066;0
3304102;Porciúncula;RJ;M;28920999000106;17832;0
3304110;Porto Real;RJ;M;01612355000102;21089;0
3304128;Quatis;RJ;M;39560008000148;14165;0
3304144;Queimados;RJ;M;39485412000102;149135;0
3304151;Quissamã;RJ;M;31505027000160;23142;0
3304201;Resende;RJ;M;29178233000160;137697;0
3304300;Rio Bonito;RJ;M;28741072000109;59126;0
3304409;Rio Claro;RJ;M;29051216000168;17951;0
3304508;Rio das Flores;RJ;M;29179454000153;9267;0
3304524;Rio das Ostras;RJ;M;39223581000166;168455;0
3304557;Rio de Janeiro;RJ;M;42498733000148;6730729;1
3304607;Santa Maria Madalena;RJ;M;28645760000175;10580;0
3304706;Santo Antônio de Pádua;RJ;M;29114139000148;43697;0
3304755;São Francisco de Itabapoana;RJ;M;01623783000122;47397;0
3304805;São Fidélis;RJ;M;29111093000103;41212;0
3304904;São Gonçalo;RJ;M;28636579000100;960196;0
3305000;São João da Barra;RJ;M;29116902000170;38740;0
3305109;São João de Meriti;RJ;M;29138336000105;466503;0
3305133;São José de Ubá;RJ;M;01614414000173;7318;0
3305158;São José do Vale do Rio Preto;RJ;M;32001836000105;22813;0
3305208;São Pedro da Aldeia;RJ;M;28909604000174;110677;0
3305307;São Sebastião do Alto;RJ;M;28645786000113;7993;0
3305406;Sapucaia;RJ;M;29138393000186;18291;0
3305505;Saquarema;RJ;M;32147670000121;95315;0
3305554;Seropédica;RJ;M;01604139000107;84794;0
3305604;Silva Jardim;RJ;M;28741098000157;22028;0
3305703;Sumidouro;RJ;M;32165706000108;15693;0
3305752;Tanguá;RJ;M;01612089000100;32865;0
3305802;Teresópolis;RJ;M;29138369000147;176735;0
3305901;Trajano de Moraes;RJ;M;29115441000110;10654;0
3306008;Três Rios;RJ;M;29138377000193;82319;0
3306107;Valença;RJ;M;29076130000190;71449;0
3306156;Varre-Sai;RJ;M;39217831000155;10563;0
3306206;Vassouras;RJ;M;32412819000152;35907;0
3306305;Volta Redonda;RJ;M;32512501000143;279971;0
3500105;Adamantina;SP;M;43008291000177;35673;0
3500204;Adolfo;SP;M;45140431000191;4505;0
3500303;Aguaí;SP;M;46425229000179;32886;0
3500402;Águas da Prata;SP;M;44831733000143;7463;0
3500501;Águas de Lindóia;SP;M;46439683000189;18257;0
3500550;Águas de Santa Bárbara;SP;M;46634226000145;7460;0
3500600;Águas de São Pedro;SP;M;45739174000109;2928;0
3500709;Agudos;SP;M;46137444000174;38988;0
3500758;Alambari;SP;M;67360420000150;6373;0
3500808;Alfredo Marcondes;SP;M;43162791000169;4574;0
3500907;Altair;SP;M;45152782000112;3467;0
3501004;Altinópolis;SP;M;45298569000113;17197;0
3501103;Alto Alegre;SP;M;44440121000120;3874;0
3501152;Alumínio;SP;M;58987629000157;17607;0
3501202;Álvares Florence;SP;M;46599817000129;3979;0
3501301;Álvares Machado;SP;M;43206424000110;28386;0
3501400;Álvaro de Carvalho;SP;M;44518488000119;4901;0
3501509;Alvinlândia;SP;M;44518405000191;2919;0
3501608;Americana;SP;M;45781176000166;247571;0
3501707;Américo Brasiliense;SP;M;43976166000150;33708;0
3501806;Américo de Campos;SP;M;45160173000105;5981;0
3501905;Amparo;SP;M;43465459000173;69792;0
3502002;Analândia;SP;M;44659076000107;4694;0
3502101;Andradina;SP;M;44428506000171;61625;0
3502200;Angatuba;SP;M;46634234000191;24573;0
3502309;Anhembi;SP;M;46634135000100;5766;0
3502408;Anhumas;SP;M;44853331000140;4118;0
3502507;Aparecida;SP;M;46680518000114;33141;0
3502606;Aparecida d'Oeste;SP;M;46605051000148;4112;0
3502705;Apiaí;SP;M;46634242000138;24857;0
3502754;Araçariguama;SP;M;58993577000121;22314;0
3502804;Araçatuba;SP;M;45511847000179;208415;0
3502903;Araçoiaba da Serra;SP;M;46634069000178;33832;0
3503000;Aramina;SP;M;45323474000102;5535;0
3503109;Arandu;SP;M;46634176000104;7076;0
3503158;Arapeí;SP;M;65058984000107;2355;0
3503208;Araraquara;SP;M;45276128000110;253474;0
3503307;Araras;SP;M;44215846000114;135744;0
3503356;Arco-Íris;SP;M;01612853000147;2089;0
3503406;Arealva;SP;M;46137428000181;8290;0
3503505;Areias;SP;M;45195963000126;3617;0
3503604;Areiópolis;SP;M;46634515000144;10242;0
3503703;Ariranha;SP;M;45117116000143;7621;0
3503802;Artur Nogueira;SP;M;45735552000186;53467;0
3503901;Arujá;SP;M;56901275000150;90273;0
3503950;Aspásia;SP;M;65712002000159;1875;0
3504008;Assis;SP;M;46179941000135;104858;0
3504107;Atibaia;SP;M;45279635000108;167161;0
3504206;Auriflama;SP;M;45660594000103;13856;0
3504305;Avaí;SP;M;46137436000128;4503;0
3504404;Avanhandava;SP;M;45665890000199;11436;0
3504503;Avaré;SP;M;46634168000150;96450;0
3504602;Bady Bassitt;SP;M;45093267000109;29346;0
3504701;Balbinos;SP;M;44553790000108;3969;0
3504800;Bálsamo;SP;M;45142353000164;9902;0
3504909;Bananal;SP;M;45196698000109;10097;0
3505005;Barão de Antonina;SP;M;46634424000109;3632;0
3505104;Barbosa;SP;M;46162178000130;5627;0
3505203;Bariri;SP;M;46181376000140;32406;0
3505302;Barra Bonita;SP;M;46172888000140;35129;0
3505351;Barra do Chapéu;SP;M;67360396000159;5254;0
3505401;Barra do Turvo;SP;M;46634317000180;6894;0
3505500;Barretos;SP;M;44780609000104;126957;0
3505609;Barrinha;SP;M;45370087000127;33304;0
3505708;Barueri;SP;M;46523015000135;333737;0
3505807;Bastos;SP;M;45547403000193;21936;0
3505906;Batatais;SP;M;45299104000187;59939;0
3506003;Bauru;SP;M;46137410000180;392947;0
3506102;Bebedouro;SP;M;45709920000111;78257;0
3506201;Bento de Abreu;SP;M;44447944000187;2640;0
3506300;Bernardino de Campos;SP;M;44563591000180;11881;0
3506359;Bertioga;SP;M;68020916000147;67436;0
3506409;Bilac;SP;M;44430783000119;7464;0
3506508;Birigui;SP;M;46151718000180;123340;0
3506607;Biritiba-Mirim;SP;M;46523288000180;30564;0
3506706;Boa Esperança do Sul;SP;M;46717104000112;13113;0
3506805;Bocaina;SP;M;44498988000136;11480;0
3506904;Bofete;SP;M;46634143000156;10710;0
3507001;Boituva;SP;M;46634499000190;63850;0
3507100;Bom Jesus dos Perdões;SP;M;52359692000162;22579;0
3507159;Bom Sucesso de Itararé;SP;M;60123064000101;3609;0
3507209;Borá;SP;M;44544906000142;932;0
3507308;Boracéia;SP;M;46189734000161;4838;0
3507407;Borborema;SP;M;46737219000179;14405;0
3537107;Pedreira;SP;M;46410775000136;44385;0
3537156;Pedrinhas Paulista;SP;M;64614381000181;2833;0
3537206;Pedro de Toledo;SP;M;46578530000112;11617;0
3537305;Penápolis;SP;M;49576416000141;63426;0
3537404;Pereira Barreto;SP;M;44446904000110;24360;0
3537503;Pereiras;SP;M;46634622000172;9013;0
3537602;Peruíbe;SP;M;46578514000120;70629;0
3537701;Piacatu;SP;M;44431245000149;5631;0
3537800;Piedade;SP;M;46634457000159;54266;0
3537909;Pilar do Sul;SP;M;46634473000141;28459;0
3538006;Pindamonhangaba;SP;M;45226214000119;172681;0
3538105;Pindorama;SP;M;45122942000180;14704;0
3538204;Pinhalzinho;SP;M;45623600000144;15676;0
3538303;Piquerobi;SP;M;54279674000104;3287;0
3538501;Piquete;SP;M;47563325000146;12516;0
3538600;Piracaia;SP;M;45279627000161;26795;0
3538709;Piracicaba;SP;M;46341038000129;440835;0
3538808;Piraju;SP;M;46223699000150;30294;0
3538907;Pirajuí;SP;M;44555027000116;22734;0
3539004;Pirangi;SP;M;45343969000101;11085;0
3539103;Pirapora do Bom Jesus;SP;M;46523007000199;18925;0
3539202;Pirapozinho;SP;M;54801121000161;26097;0
3539301;Pirassununga;SP;M;45731650000145;75594;0
3539400;Piratininga;SP;M;46137451000176;15657;0
3539509;Pitangueiras;SP;M;45370707000128;34361;0
3539608;Planalto;SP;M;46935763000125;4451;0
3539707;Platina;SP;M;44543999000190;3055;0
3539806;Poá;SP;M;55021455000185;106355;0
3539905;Poloni;SP;M;46608063000126;5702;0
3540002;Pompéia;SP;M;44483444000109;20520;0
3540101;Pongaí;SP;M;46227849000101;3440;0
3540200;Pontal;SP;M;45352267000186;38286;0
3540259;Pontalinda;SP;M;65712077000130;4198;0
3540309;Pontes Gestal;SP;M;45162328000142;2411;0
3540408;Populina;SP;M;51842177000176;4182;0
3540507;Porangaba;SP;M;46634580000170;10850;0
3540606;Porto Feliz;SP;M;46634481000198;58605;0
3540705;Porto Ferreira;SP;M;45339363000194;53966;0
3540754;Potim;SP;M;65042855000120;20801;0
3540804;Potirendaba;SP;M;45094901000128;19097;0
3540853;Pracinha;SP;M;67662007000140;2589;0
3540903;Pradópolis;SP;M;48664296000171;17299;0
3541000;Praia Grande;SP;M;46177531000155;368539;0
3541059;Pratânia;SP;M;01576782000174;5264;0
3541109;Presidente Alves;SP;M;44555688000141;3830;0
3541208;Presidente Bernardes;SP;M;55251185000107;14803;0
3541307;Presidente Epitácio;SP;M;55293427000117;40322;0
3541406;Presidente Prudente;SP;M;55356653000108;234706;0
3541505;Presidente Venceslau;SP;M;46476131000140;35810;0
3541604;Promissão;SP;M;44558856000152;35973;0
3541653;Quadra;SP;M;01612145000106;3477;0
3541703;Quatá;SP;M;44547313000130;13412;0
3541802;Queiroz;SP;M;44568749000105;3366;0
3541901;Queluz;SP;M;46670931000106;9074;0
3542008;Quintana;SP;M;44569051000104;7260;0
3542107;Rafard;SP;M;44723757000189;9145;0
3542206;Rancharia;SP;M;44935278000126;29387;0
3542305;Redenção da Serra;SP;M;45167517000108;4637;0
3542404;Regente Feijó;SP;M;48813638000178;20620;0
4312658;Não-Me-Toque;RS;M;87613519000123;18335;0
4312674;Nicolau Vergueiro;RS;M;92411974000186;1982;0
4312708;Nonoai;RS;M;91567974000107;14074;0
4312757;Nova Alvorada;RS;M;92402502000167;3229;0
4312807;Nova Araçá;RS;M;87502902000104;5098;0
4312906;Nova Bassano;RS;M;87502894000104;9867;0
4312955;Nova Boa Vista;RS;M;94704061000183;2089;0
4313003;Nova Bréscia;RS;M;88600655000141;3104;0
4313011;Nova Candelária;RS;M;01602258000120;3138;0
4313037;Nova Esperança do Sul;RS;M;92455393000146;4976;0
4313060;Nova Hartz;RS;M;91995365000159;20558;0
4313086;Nova Pádua;RS;M;92871532000112;2389;0
4313102;Nova Palma;RS;M;88488358000156;5676;0
4313201;Nova Petrópolis;RS;M;88572748000100;23934;0
4313300;Nova Prata;RS;M;91618439000138;26637;0
4313334;Nova Ramada;RS;M;01611828000149;2198;0
4313359;Nova Roma do Sul;RS;M;91110296000159;3545;0
4313375;Nova Santa Rita;RS;M;94309291000148;30189;0
4313391;Novo Cabrais;RS;M;01601856000185;3633;0
4313409;Novo Hamburgo;RS;M;88254875000160;235802;0
4313425;Novo Machado;RS;M;94187341000161;3239;0
4313441;Novo Tiradentes;RS;M;92411172000176;2187;0
4313466;Novo Xingu;RS;M;04207526000106;1677;0
4313490;Novo Barreiro;RS;M;92410521000135;4375;0
4313508;Osório;RS;M;88814181000130;48999;0
4313607;Paim Filho;RS;M;87613568000166;3685;0
4313656;Palmares do Sul;RS;M;90836701000158;13189;0
4313706;Palmeira das Missões;RS;M;88541354000194;34227;0
4313805;Palmitinho;RS;M;87612909000189;8042;0
4313904;Panambi;RS;M;88702089000189;45102;0
4313953;Pantano Grande;RS;M;91342667000128;10443;0
4314001;Paraí;RS;M;87502886000150;7362;0
4314027;Paraíso do Sul;RS;M;92000207000184;6627;0
4314035;Pareci Novo;RS;M;93235950000186;4441;0
4314050;Parobé;RS;M;88372883000101;53569;0
4314068;Passa Sete;RS;M;01612364000195;4024;0
4314076;Passo do Sobrado;RS;M;94577616000173;6155;0
4314100;Passo Fundo;RS;M;87612537000190;214811;0
4314134;Paulo Bento;RS;M;04215168000175;2188;0
4314159;Paverama;RS;M;91693317000106;8146;0
4314175;Pedras Altas;RS;M;04219099000178;2099;0
4314209;Pedro Osório;RS;M;88859962000141;7631;0
4314308;Pejuçara;RS;M;87566188000118;3817;0
4314407;Pelotas;RS;M;87455531000157;336150;0
4314423;Picada Café;RS;M;92871466000180;5473;0
4314456;Pinhal;RS;M;92005586000103;3039;0
4314464;Pinhal da Serra;RS;M;04213870000108;2300;0
4314472;Pinhal Grande;RS;M;94444346000122;3861;0
4314498;Pinheirinho do Vale;RS;M;92411099000132;4638;0
4314506;Pinheiro Machado;RS;M;88084942000146;11395;0
4314555;Pirapó;RS;M;91553941000108;2255;0
4314605;Piratini;RS;M;88861448000140;17770;0
4314704;Planalto;RS;M;87612891000115;10624;0
4314753;Poço das Antas;RS;M;91693333000107;2224;0
4314779;Pontão;RS;M;92451152000129;3345;0
4314787;Ponte Preta;RS;M;93539161000139;1602;0
4314803;Portão;RS;M;87344016000108;35273;0
4314902;Porto Alegre;RS;M;92963560000160;1388794;1
4315008;Porto Lucena;RS;M;87613659000100;4414;0
4315057;Porto Mauá;RS;M;93845519000151;2173;0
4315073;Porto Vera Cruz;RS;M;91105452000193;1582;0
4315107;Porto Xavier;RS;M;87613667000148;10127;0
4315131;Pouso Novo;RS;M;92454826000149;1771;0
4315149;Presidente Lucena;RS;M;94707494000192;3166;0
4315156;Progresso;RS;M;92454800000109;5423;0
4315172;Protásio Alves;RS;M;91566885000146;2070;0
4315206;Putinga;RS;M;88186754000129;3809;0
4315305;Quaraí;RS;M;88123492000153;23995;0
4315313;Quatro Irmãos;RS;M;04215994000114;1577;0
4315321;Quevedos;RS;M;94444122000110;2553;0
4315354;Quinze de Novembro;RS;M;91574764000146;4003;0
4315404;Redentora;RS;M;87613113000140;9931;0
4315453;Relvado;RS;M;92402510000103;1826;0
4315503;Restinga Sêca;RS;M;87490306000151;15205;0
4315552;Rio dos Índios;RS;M;94704103000186;2866;0
4315602;Rio Grande;RS;M;88566872000162;198935;0
4315701;Rio Pardo;RS;M;88821079000162;35641;0
4315750;Riozinho;RS;M;92401553000174;4574;0
4315800;Roca Sales;RS;M;88187935000170;10646;0
4315909;Rodeio Bonito;RS;M;87613204000186;6831;0
4315958;Rolador;RS;M;04203896000167;2330;0
4316006;Rolante;RS;M;90936956000192;21752;0
4316105;Ronda Alta;RS;M;87711503000153;9969;0
4316204;Rondinha;RS;M;87712212000180;5078;0
4316303;Roque Gonzales;RS;M;87612982000150;6693;0
4316402;Rosário do Sul;RS;M;88138292000174;37674;0
4316428;Sagrada Família;RS;M;92410422000153;2528;0
4316436;Saldanha Marinho;RS;M;92399153000171;2619;0
4316451;Salto do Jacuí;RS;M;89658025000190;10357;0
4316477;Salvador das Missões;RS;M;93592731000154;2955;0
4316501;Salvador do Sul;RS;M;87860763000190;7184;0
4316600;Sananduva;RS;M;87613543000162;16770;0
4316709;Santa Bárbara do Sul;RS;M;88496468000160;8269;0
4316733;Santa Cecília do Sul;RS;M;04215090000199;1710;0
4316758;Santa Clara do Sul;RS;M;94705936000161;7079;0
4316808;Santa Cruz do Sul;RS;M;95440517000108;138270;0
4316907;Santa Maria;RS;M;88488366000100;282395;0
4316956;Santa Maria do Herval;RS;M;91995373000103;6486;0
4316972;Santa Margarida do Sul;RS;M;04219343000100;2661;0
4317004;Santana da Boa Vista;RS;M;88141460000180;7128;0
4317103;Sant'Ana do Livramento;RS;M;88124961000159;87329;0
4317202;Santa Rosa;RS;M;88546890000182;79488;0
4317251;Santa Tereza;RS;M;91987719000113;1529;0
4317301;Santa Vitória do Palmar;RS;M;88824099000197;31965;0
4317400;Santiago;RS;M;87897740000150;50336;0
4317509;Santo Ângelo;RS;M;87613071000148;79146;0
4317558;Santo Antônio do Palma;RS;M;92412832000133;2134;0
4317608;Santo Antônio da Patrulha;RS;M;88814199000132;44431;0
4317707;Santo Antônio das Missões;RS;M;87612974000104;10485;0
4317756;Santo Antônio do Planalto;RS;M;94704020000197;2138;0
4317806;Santo Augusto;RS;M;87613105000102;14196;0
4317905;Santo Cristo;RS;M;87612818000143;15667;0
4317954;Santo Expedito do Sul;RS;M;90484296000156;2395;0
4318002;São Borja;RS;M;88489786000101;61311;0
4318051;São Domingos do Sul;RS;M;92406453000130;2806;0
5108204;Torixoréu;MT;M;03503646000180;4238;0
5108303;União do Sul;MT;M;01614538000159;3904;0
5108352;Vale de São Domingos;MT;M;04215993000170;2892;0
5108402;Várzea Grande;MT;M;03507548000110;318922;0
5108501;Vera;MT;M;00179531000193;10758;0
5108600;Vila Rica;MT;M;03238862000145;19686;0
5108808;Nova Guarita;MT;M;37465598000102;4546;0
5108857;Nova Marilândia;MT;M;37464989000102;3731;0
5108907;Nova Maringá;MT;M;37464831000124;5705;0
5108956;Nova Monte Verde;MT;M;37465556000163;8470;0
5200050;Abadia de Goiás;GO;M;01613940000119;22052;0
5200100;Abadiânia;GO;M;01298330000178;17738;0
5200134;Acreúna;GO;M;02218683000183;22079;0
5200159;Adelândia;GO;M;25108291000167;2282;0
5200175;Água Fria de Goiás;GO;M;25141292000103;4979;0
5200209;Água Limpa;GO;M;01173053000177;1843;0
5200258;Águas Lindas de Goiás;GO;M;01616520000196;245352;0
5200308;Alexânia;GO;M;01298975000100;28244;0
5200506;Aloândia;GO;M;01345537000156;1977;0
5200555;Alto Horizonte;GO;M;33331604000170;6487;0
5200605;Alto Paraíso de Goiás;GO;M;01740455000106;11182;0
5200803;Alvorada do Norte;GO;M;02367597000132;8619;0
5200829;Amaralina;GO;M;01492098000104;3267;0
5200852;Americano do Brasil;GO;M;00007344000122;5260;0
5200902;Amorinópolis;GO;M;01067073000163;2906;0
5201108;Anápolis;GO;M;01067479000146;420300;0
4103024;Boa Esperança do Iguaçu;PR;M;95589255000148;2421;0
4103040;Boa Ventura de São Roque;PR;M;01612906000120;6241;0
4103057;Boa Vista da Aparecida;PR;M;78121985000109;8023;0
4103107;Bocaiúva do Sul;PR;M;76105592000178;13405;0
4103156;Bom Jesus do Sul;PR;M;01612443000104;4072;0
4103206;Bom Sucesso;PR;M;75771261000104;6674;0
4103222;Bom Sucesso do Sul;PR;M;80874100000186;3244;0
4103305;Borrazópolis;PR;M;75740829000120;7818;0
4103354;Braganey;PR;M;78121902000173;4745;0
4103370;Brasilândia do Sul;PR;M;95640520000175;3861;0
4103404;Cafeara;PR;M;75845545000106;2648;0
4103453;Cafelândia;PR;M;78121878000172;20145;0
4103479;Cafezal do Sul;PR;M;95640652000105;4580;0
4103503;Califórnia;PR;M;75771279000106;8963;0
4103602;Cambará;PR;M;75442756000190;23393;0
4103701;Cambé;PR;M;75732057000184;110923;0
4103800;Cambira;PR;M;75771287000152;10045;0
4103909;Campina da Lagoa;PR;M;76950070000172;16014;0
4103958;Campina do Simão;PR;M;01611489000109;3954;0
4104006;Campina Grande do Sul;PR;M;76105600000186;50600;0
4104055;Campo Bonito;PR;M;80869621000145;3997;0
4104105;Campo do Tenente;PR;M;76002658000102;7693;0
4104204;Campo Largo;PR;M;76105618000188;144504;0
4104253;Campo Magro;PR;M;01607539000176;31888;0
4104303;Campo Mourão;PR;M;75904524000106;104122;0
4104402;Cândido de Abreu;PR;M;76175926000180;15081;0
4104428;Candói;PR;M;95684478000194;15174;0
4104451;Cantagalo;PR;M;78279981000145;10672;0
4104501;Capanema;PR;M;75972760000160;21088;0
4104600;Capitão Leônidas Marques;PR;M;76208834000159;14776;0
4104659;Carambeí;PR;M;01613765000160;24469;0
4104709;Carlópolis;PR;M;76965789000187;17788;0
4104808;Cascavel;PR;M;76208867000107;368195;0
4104907;Castro;PR;M;77001311000108;75644;0
4105003;Catanduvas;PR;M;76208842000103;10621;0
4105102;Centenário do Sul;PR;M;75845503000167;10903;0
4105201;Cerro Azul;PR;M;76105626000124;16287;0
4105300;Céu Azul;PR;M;76206473000101;11255;0
4105409;Chopinzinho;PR;M;76995414000160;21604;0
4105508;Cianorte;PR;M;76309806000128;82988;0
4105607;Cidade Gaúcha;PR;M;75377200000167;11705;0
4105706;Clevelândia;PR;M;76161199000100;14833;0
4105805;Colombo;PR;M;76105634000170;241672;0
4105904;Colorado;PR;M;76970326000103;23313;0
4106001;Congonhinhas;PR;M;75825828000188;8445;0
4106100;Conselheiro Mairinck;PR;M;75968412000119;3474;0
4106209;Contenda;PR;M;76105519000104;20006;0
4106308;Corbélia;PR;M;76208826000102;17933;0
4106407;Cornélio Procópio;PR;M;76331941000170;45720;0
4106456;Coronel Domingos Soares;PR;M;01614415000118;5427;0
4106506;Coronel Vivida;PR;M;76995455000156;24010;0
4106555;Corumbataí do Sul;PR;M;80888662000189;3770;0
4106571;Cruzeiro do Iguaçu;PR;M;95589230000144;4129;0
4106605;Cruzeiro do Oeste;PR;M;76381854000127;24859;0
4106704;Cruzeiro do Sul;PR;M;75731034000155;4543;0
4106803;Cruz Machado;PR;M;76339688000109;15759;0
4106852;Cruzmaltina;PR;M;01615393000100;2870;0
4106902;Curitiba;PR;M;76417005000186;1830795;1
4107009;Curiúva;PR;M;76167725000130;13784;0
4107108;Diamante do Norte;PR;M;76972082000106;5139;0
4107124;Diamante do Sul;PR;M;95595120000195;3147;0
4107157;Diamante D'Oeste;PR;M;77817476000144;4513;0
4107207;Dois Vizinhos;PR;M;76205640000108;47589;0
4107256;Douradina;PR;M;78200110000194;9631;0
4107306;Doutor Camargo;PR;M;76282714000100;6517;0
4107405;Enéas Marques;PR;M;76205657000157;6146;0
4107504;Engenheiro Beltrão;PR;M;76950039000131;12347;0
4107520;Esperança Nova;PR;M;01612269000191;1852;0
4107538;Entre Rios do Oeste;PR;M;95719449000110;4770;0
4107546;Espigão Alto do Iguaçu;PR;M;01612634000168;4880;0
4107553;Farol;PR;M;95640124000148;2994;0
4107603;Faxinal;PR;M;75771295000107;16596;0
4107652;Fazenda Rio Grande;PR;M;95422986000102;165943;0
4107702;Fênix;PR;M;76950021000130;4488;0
4107736;Fernandes Pinheiro;PR;M;01619323000120;6400;0
4107751;Figueira;PR;M;78063732000118;8129;0
4107801;Floraí;PR;M;75731000000160;4805;0
4107850;Flor da Serra do Sul;PR;M;95589271000130;4342;0
4107900;Floresta;PR;M;76282706000155;11522;0
4108007;Florestópolis;PR;M;75845495000159;11653;0
4108106;Flórida;PR;M;75772400000114;2711;0
4108205;Formosa do Oeste;PR;M;76208495000100;7763;0
3136520;José Gonçalves de Minas;MG;M;01613372000156;3963;0
3136553;José Raydan;MG;M;01613072000177;4349;0
3136579;Josenópolis;MG;M;01612503000180;3557;0
3136603;Nova União;MG;M;18302307000102;6107;0
3136652;Juatuba;MG;M;64487614000122;33249;0
3136702;Juiz de Fora;MG;M;18338178000102;567730;0
3136801;Juramento;MG;M;18017368000128;3798;0
3136900;Juruaia;MG;M;18668368000198;11652;0
3136959;Juvenília;MG;M;01612485000137;5937;0
3137007;Ladainha;MG;M;18404863000190;14263;0
3137106;Lagamar;MG;M;18192260000171;6622;0
3137205;Lagoa da Prata;MG;M;18318618000160;53927;0
3137304;Lagoa dos Patos;MG;M;16901381000110;3237;0
3137403;Lagoa Dourada;MG;M;18557595000146;13152;0
3137502;Lagoa Formosa;MG;M;18602078000141;19614;0
3137536;Lagoa Grande;MG;M;23097454000128;9235;0
3137601;Lagoa Santa;MG;M;73357469000156;81299;0
3137700;Lajinha;MG;M;18392522000141;21502;0
3137809;Lambari;MG;M;17877200000120;21010;0
3137908;Lamim;MG;M;24179426000112;3213;0
3138005;Laranjal;MG;M;17947615000122;6018;0
3138104;Lassance;MG;M;18279125000168;7398;0
3138203;Lavras;MG;M;18244376000107;110682;0
3138302;Leandro Ferreira;MG;M;18315218000109;3272;0
3138351;Leme do Prado;MG;M;01587109000130;4364;0
3138401;Leopoldina;MG;M;17733643000147;52739;0
3138500;Liberdade;MG;M;18029165000151;4744;0
3138609;Lima Duarte;MG;M;18338186000159;17782;0
3138625;Limeira do Oeste;MG;M;26042556000134;9191;0
3138658;Lontra;MG;M;25223009000192;8963;0
3138674;Luisburgo;MG;M;01615423000189;7239;0
3138682;Luislândia;MG;M;01612887000131;6323;0
3138708;Luminárias;MG;M;18244301000126;5744;0
3138807;Luz;MG;M;18301036000170;18336;0
3138906;Machacalis;MG;M;18404921000185;6556;0
3139003;Machado;MG;M;18242784000120;38809;0
3139102;Madre de Deus de Minas;MG;M;18029371000161;5360;0
3139201;Malacacheta;MG;M;18404871000136;17691;0
3139250;Mamonas;MG;M;25212242000170;6082;0
3139300;Manga;MG;M;18270447000146;19148;0
3139409;Manhuaçu;MG;M;18385088000172;97328;0
3139508;Manhumirim;MG;M;18392530000198;20939;0
3139607;Mantena;MG;M;18504167000155;27350;0
3139706;Maravilhas;MG;M;18313841000114;7532;0
3139805;Mar de Espanha;MG;M;18535658000163;13180;0
3139904;Maria da Fé;MG;M;18025957000158;14567;0
3140001;Mariana;MG;M;18295303000144;64506;0
3140100;Marilac;MG;M;18409193000102;4323;0
3140159;Mário Campos;MG;M;01612508000103;16705;0
3140209;Maripá de Minas;MG;M;17724162000175;3567;0
3140308;Marliéria;MG;M;16796872000148;4796;0
3140407;Marmelópolis;MG;M;18026021000141;3314;0
3140506;Martinho Campos;MG;M;18315234000193;14546;0
3140530;Martins Soares;MG;M;01615420000145;8797;0
3140555;Mata Verde;MG;M;66234360000166;9532;0
3140605;Materlândia;MG;M;18303206000156;3949;0
3140704;Mateus Leme;MG;M;18715433000199;40814;0
3140803;Matias Barbosa;MG;M;18338194000103;14547;0
3140852;Matias Cardoso;MG;M;25209115000111;8922;0
3140902;Matipó;MG;M;18385104000127;19115;0
3141009;Mato Verde;MG;M;17782616000164;12210;0
3141108;Matozinhos;MG;M;18771238000186;39529;0
3141207;Matutina;MG;M;18602102000142;3912;0
3141306;Medeiros;MG;M;20920617000132;4068;0
3141405;Medina;MG;M;18414607000183;20455;0
3141504;Mendes Pimentel;MG;M;18505347000151;5614;0
3141603;Mercês;MG;M;17744442000145;10615;0
3141702;Mesquita;MG;M;17112061000143;4984;0
3141801;Minas Novas;MG;M;22516405000110;23843;0
3141900;Minduri;MG;M;17954041000110;3811;0
3142007;Mirabela;MG;M;18017376000174;14071;0
3142106;Miradouro;MG;M;17947623000179;8961;0
3142205;Miraí;MG;M;17966201000140;13921;0
3142254;Miravânia;MG;M;01612491000194;3982;0
3142304;Moeda;MG;M;18363952000135;5314;0
3142403;Moema;MG;M;18301044000117;7812;0
3142502;Monjolos;MG;M;17754169000130;2187;0
3142601;Monsenhor Paulo;MG;M;22541874000199;8565;0
3142700;Montalvânia;MG;M;17097791000112;14068;0
3142809;Monte Alegre de Minas;MG;M;18431155000148;20708;0
3142908;Monte Azul;MG;M;18650945000114;20497;0
3143005;Monte Belo;MG;M;18668376000134;13347;0
3143104;Monte Carmelo;MG;M;18593103000178;49500;0
3143153;Monte Formoso;MG;M;01615007000180;4437;0
3143203;Monte Santo de Minas;MG;M;18241372000175;21294;0
3143302;Montes Claros;MG;M;22678874000135;437601;0
3143401;Monte Sião;MG;M;22646525000131;25107;0
3143450;Montezuma;MG;M;25223983000156;6951;0
3143500;Morada Nova de Minas;MG;M;18296665000150;9414;0
3143609;Morro da Garça;MG;M;17695040000106;2426;0
3143708;Morro do Pilar;MG;M;18303214000100;3161;0
3143807;Munhoz;MG;M;18675934000199;7930;0
3143906;Muriaé;MG;M;17947581000176;108447;0
3144003;Mutum;MG;M;18348086000103;28749;0
3144102;Muzambinho;MG;M;18668624000147;22620;0
3144201;Nacip Raydan;MG;M;18507079000107;2400;0
3144300;Nanuque;MG;M;18398974000130;35263;0
3144359;Naque;MG;M;01613208000149;6443;0
3144375;Natalândia;MG;M;01593752000176;3642;0
3144409;Natércia;MG;M;17935412000116;4805;0
3144508;Nazareno;MG;M;18557561000151;8407;0
3144607;Nepomuceno;MG;M;18244350000169;25757;0
3144656;Ninheira;MG;M;01612495000172;10965;0
3144672;Nova Belém;MG;M;01613169000180;3126;0
3144706;Nova Era;MG;M;16819831000120;17813;0
3144805;Nova Lima;MG;M;22934889000117;120959;0
3144904;Nova Módica;MG;M;18404939000187;3726;0
3145000;Nova Ponte;MG;M;18159905000174;15220;0
3145059;Nova Porteirinha;MG;M;01612499000150;6746;0
3145109;Nova Resende;MG;M;18187823000133;16919;0
3145208;Nova Serrana;MG;M;18291385000159;114791;0
3145307;Novo Cruzeiro;MG;M;18404889000138;27268;0
3145356;Novo Oriente de Minas;MG;M;01613373000109;10503;0
3145372;Novorizonte;MG;M;01616420000160;4612;0
3145406;Olaria;MG;M;18338202000103;1986;0
3145455;Olhos-d'Água;MG;M;01612547000100;5530;0
2909406;Cotegipe;BA;M;13654892000196;13463;0
2909505;Cravolândia;BA;M;13763396000170;4491;0
2909604;Crisópolis;BA;M;13646922000112;20346;0
2909703;Cristópolis;BA;M;13655089000176;14549;0
2909802;Cruz das Almas;BA;M;14006977000120;63326;0
2909901;Curaçá;BA;M;13915640000173;36127;0
2910008;Dário Meira;BA;M;13700174000109;11054;0
2910057;Dias d'Ávila;BA;M;13394044000195;75296;0
2910107;Dom Basílio;BA;M;13673314000105;12329;0
2910206;Dom Macedo Costa;BA;M;13827019000158;4608;0
2910305;Elísio Medrado;BA;M;13693379000104;8069;0
2910404;Encruzilhada;BA;M;13907373000192;19450;0
2910503;Entre Rios;BA;M;14126981000122;39890;0
2910602;Esplanada;BA;M;13885231000171;34163;0
2910701;Euclides da Cunha;BA;M;13698774000180;64768;0
2910727;Eunápolis;BA;M;16233439000102;121067;0
2910750;Fátima;BA;M;13393152000143;18480;0
2910776;Feira da Mata;BA;M;16416125000137;5831;0
2910800;Feira de Santana;BA;M;14043574000151;660806;0
2910859;Filadélfia;BA;M;13232996000102;18637;0
2307007;Jaguaruana;CE;M;07615750000117;33115;0
2307106;Jardim;CE;M;07391006000186;28801;0
2307205;Jati;CE;M;07413255000125;8114;0
2307254;Jijoca de Jericoacoara;CE;M;23718034000111;28198;0
2307304;Juazeiro do Norte;CE;M;07974082000114;305531;0
2307403;Jucás;CE;M;07541279000160;24624;0
2307502;Lavras da Mangabeira;CE;M;07609621000116;32163;0
2307601;Limoeiro do Norte;CE;M;07891674000172;62623;0
2307635;Madalena;CE;M;10508935000137;17235;0
2307650;Maracanaú;CE;M;07605850000162;251613;0
2307700;Maranguape;CE;M;07963051000168;108622;0
2307809;Marco;CE;M;07566516000147;27177;0
2307908;Martinópole;CE;M;07661192000126;11280;0
2308005;Massapê;CE;M;07598691000116;39840;0
2308104;Mauriti;CE;M;07655269000155;47501;0
2308203;Meruoca;CE;M;07598683000170;15853;0
2308302;Milagres;CE;M;07655277000100;26819;0
2308351;Milhã;CE;M;06741565000106;14713;0
2308377;Miraíma;CE;M;10517563000105;14826;0
2308401;Missão Velha;CE;M;07977044000115;38997;0
2308500;Mombaça;CE;M;07736390000101;38451;0
2308609;Monsenhor Tabosa;CE;M;07693989000105;17705;0
2308708;Morada Nova;CE;M;07782840000100;65390;0
2308807;Moraújo;CE;M;07598675000123;8537;0
2308906;Morrinhos;CE;M;07566920000110;23747;0
2309003;Mucambo;CE;M;07733793000105;13999;0
2309102;Mulungu;CE;M;07910730000179;11064;0
2309201;Nova Olinda;CE;M;07536444000195;16045;0
2309300;Nova Russas;CE;M;07993439000101;32053;0
2309409;Novo Oriente;CE;M;07982010000119;29097;0
2309458;Ocara;CE;M;12459616000104;25272;0
2309508;Orós;CE;M;07670821000184;19943;0
2309607;Pacajus;CE;M;07384407000109;75454;0
2309706;Pacatuba;CE;M;07963861000114;86564;0
2309805;Pacoti;CE;M;07910755000172;11421;0
2309904;Pacujá;CE;M;07734148000107;6348;0
2310001;Palhano;CE;M;07488679000159;9709;0
2310100;Palmácia;CE;M;07711666000105;10252;0
2310209;Paracuru;CE;M;07592298000115;41894;0
2310258;Paraipaba;CE;M;10380608000142;34086;0
2310308;Parambu;CE;M;07731102000126;32867;0
2310407;Paramoti;CE;M;07711963000142;10462;0
2310506;Pedra Branca;CE;M;07726540000104;42227;0
2310605;Penaforte;CE;M;07414931000185;9357;0
2310704;Pentecoste;CE;M;07682651000158;39903;0
2310803;Pereiro;CE;M;07570518000100;15858;0
2310852;Pindoretama;CE;M;23563448000119;24919;0
2310902;Piquet Carneiro;CE;M;07738057000131;17285;0
2310951;Pires Ferreira;CE;M;10462208000186;10984;0
2311009;Poranga;CE;M;07438187000159;12441;0
2311108;Porteiras;CE;M;07654114000102;17877;0
2311207;Potengi;CE;M;07658917000127;8854;0
2311231;Potiretama;CE;M;12461653000157;6128;0
2311264;Quiterianópolis;CE;M;07551179000114;20545;0
2311306;Quixadá;CE;M;23444748000189;88846;0
2311355;Quixelô;CE;M;06742480000142;16998;0
2311405;Quixeramobim;CE;M;07744303000168;86431;0
2311504;Quixeré;CE;M;07807191000147;21659;0
2311603;Redenção;CE;M;07756646000142;28382;0
2311702;Reriutaba;CE;M;07598667000187;19051;0
2311801;Russas;CE;M;07535446000160;74834;0
2311900;Saboeiro;CE;M;07811946000187;13943;0
2311959;Salitre;CE;M;12464491000100;17303;0
2312007;Santana do Acaraú;CE;M;07598659000130;32133;0
2312106;Santana do Cariri;CE;M;07597347000102;17391;0
2312205;Santa Quitéria;CE;M;07725138000105;41569;0
2312304;São Benedito;CE;M;07778129000174;50058;0
2312403;São Gonçalo do Amarante;CE;M;07533656000119;58191;0
2312502;São João do Jaguaribe;CE;M;07891690000165;5683;0
2312601;São Luís do Curu;CE;M;07623051000119;10888;0
2312700;Senador Pompeu;CE;M;07728421000182;25108;0
2312809;Senador Sá;CE;M;07598642000183;7551;0
2312908;Sobral;CE;M;07598634000137;216519;0
2313005;Solonópole;CE;M;07733256000157;18785;0
2313104;Tabuleiro do Norte;CE;M;07891682000119;32122;0
2313203;Tamboril;CE;M;07705817000104;25287;0
2313252;Tarrafas;CE;M;12464301000155;7574;0
2313302;Tauá;CE;M;07849532000147;64655;0
2313351;Tejuçuoca;CE;M;23489834000108;17646;0
2313401;Tianguá;CE;M;07735178000120;86968;0
2313500;Trairi;CE;M;07533946000162;62004;0
2313559;Tururu;CE;M;10517878000152;15524;0
2313609;Ubajara;CE;M;07735541000107;34424;0
2313708;Umari;CE;M;07520372000198;6963;0
2313757;Umirim;CE;M;06582464000130;17751;0
2313807;Uruburetama;CE;M;07623069000110;21331;0
2313906;Uruoca;CE;M;07667926000184;14308;0
2313955;Varjota;CE;M;07673114000141;18708;0
2314003;Várzea Alegre;CE;M;07539273000158;40878;0
2314102;Viçosa do Ceará;CE;M;10462497000113;62972;0
2400109;Acari;RN;M;08097008000120;10855;0
2400208;Açu;RN;M;08294662000123;59099;0
2400307;Afonso Bezerra;RN;M;08294688000171;11158;0
2400406;Água Nova;RN;M;08357626000161;3029;0
2400505;Alexandria;RN;M;08148462000162;14058;0
2400604;Almino Afonso;RN;M;08348997000187;4802;0
2400703;Alto do Rodrigues;RN;M;08184111000107;12874;0
2400802;Angicos;RN;M;08085409000160;11985;0
2400901;Antônio Martins;RN;M;08348989000130;6730;0
2401008;Apodi;RN;M;08349011000193;37486;0
2401107;Areia Branca;RN;M;08077265000108;24607;0
2401206;Arês;RN;M;08161234000122;13681;0
2401305;Campo Grande;RN;M;08084014000142;10071;0
2401404;Baía Formosa;RN;M;08161341000150;9115;0
2401453;Baraúna;RN;M;08546103000163;28415;0
2401503;Barcelona;RN;M;08002180000152;4108;0
2401602;Bento Fernandes;RN;M;08110884000149;4911;0
2401651;Bodó;RN;M;01612374000120;2360;0
2401701;Bom Jesus;RN;M;08002404000126;10308;0
2401800;Brejinho;RN;M;08161614000167;12638;0
2401859;Caiçara do Norte;RN;M;01612375000175;6479;0
2401909;Caiçara do Rio do Vento;RN;M;08351819000105;3360;0
2402006;Caicó;RN;M;08096570000139;63338;0
2402105;Campo Redondo;RN;M;08358723000179;10510;0
2402204;Canguaretama;RN;M;08365017000154;30789;0
2402303;Caraúbas;RN;M;08349102000129;20182;0
2402402;Carnaúba dos Dantas;RN;M;08088254000115;8296;0
2402501;Carnaubais;RN;M;08294670000170;10026;0
2402600;Ceará-Mirim;RN;M;08004061000139;83543;0
2402709;Cerro Corá;RN;M;08173502000126;11334;0
2402808;Coronel Ezequiel;RN;M;08158669000118;5233;0
2402907;Coronel João Pessoa;RN;M;08355471000124;4297;0
2403004;Cruzeta;RN;M;08106510000150;8245;0
2403103;Currais Novos;RN;M;08109126000100;42922;0
2403202;Doutor Severiano;RN;M;08355489000126;7262;0
2403251;Parnamirim;RN;M;08170862000174;271713;0
2403301;Encanto;RN;M;08355760000123;6289;0
2403400;Equador;RN;M;08086225000114;5461;0
2403509;Espírito Santo;RN;M;08362287000101;10951;0
2403608;Extremoz;RN;M;08204497000171;68584;0
2403707;Felipe Guerra;RN;M;08349086000174;6472;0
2403756;Fernando Pedroza;RN;M;01612369000118;3035;0
2403806;Florânia;RN;M;08181562000190;10556;0
2403905;Francisco Dantas;RN;M;08148439000178;2758;0
2404002;Frutuoso Gomes;RN;M;08349052000180;4230;0
2404101;Galinhos;RN;M;08110991000177;2159;0
2404200;Goianinha;RN;M;08162687000173;28422;0
2404309;Governador Dix-Sept Rosado;RN;M;08349094000110;12231;0
2404408;Grossos;RN;M;08077273000146;10281;0
2404507;Guamaré;RN;M;08184442000147;16076;0
2404606;Ielmo Marinho;RN;M;08004525000107;11889;0
2404705;Ipanguaçu;RN;M;08085318000124;14560;0
2404804;Ipueira;RN;M;08094708000160;2090;0
2404853;Itajá;RN;M;01612395000146;7551;0
2404903;Itaú;RN;M;08148553000106;5447;0
2405009;Jaçanã;RN;M;08158800000147;8053;0
2405108;Jandaíra;RN;M;08309239000150;6752;0
2405207;Janduís;RN;M;08349003000147;4813;0
2405306;Boa Saúde;RN;M;08142655000106;8843;0
2405405;Japi;RN;M;08159071000143;5219;0
2405504;Jardim de Angicos;RN;M;08111338000122;2488;0
2405603;Jardim de Piranhas;RN;M;08096604000195;14446;0
2405702;Jardim do Seridó;RN;M;08086662000138;11942;0
2405801;João Câmara;RN;M;08309536000103;34849;0
2405900;João Dias;RN;M;08148470000109;2073;0
2406007;José da Penha;RN;M;08357642000154;5966;0
2406106;Jucurutu;RN;M;08095283000104;18304;0
2406155;Jundiá;RN;M;04214217000155;3868;0
2406205;Lagoa d'Anta;RN;M;08142887000164;6756;0
2406304;Lagoa de Pedras;RN;M;08143026000109;7597;0
2406403;Lagoa de Velhos;RN;M;08159162000189;2631;0
2406502;Lagoa Nova;RN;M;08182313000110;16203;0
2406601;Lagoa Salgada;RN;M;08162869000144;8657;0
2406700;Lajes;RN;M;08113466000105;10094;0
2406809;Lajes Pintadas;RN;M;08159394000137;4950;0
2406908;Lucrécia;RN;M;08349045000188;3576;0
2407005;Luís Gomes;RN;M;08357600000113;9271;0
2407104;Macaíba;RN;M;08234148000100;87056;0
2407203;Macau;RN;M;08184434000109;28350;0
2407252;Major Sales;RN;M;01612383000111;4086;0
2407302;Marcelino Vieira;RN;M;08357618000115;8083;0
2407401;Martins;RN;M;08153462000150;8415;0
2407500;Maxaranguape;RN;M;08170540000125;10534;0
2407609;Messias Targino;RN;M;08349060000126;4410;0
2407708;Montanhas;RN;M;08354383000108;11785;0
2407807;Monte Alegre;RN;M;08365900000144;23953;0
2407906;Monte das Gameleiras;RN;M;08196941000154;2345;0
2408003;Mossoró;RN;M;08348971000139;278587;0
2408102;Natal;RN;M;08241747000143;784249;1
2408201;Nísia Floresta;RN;M;08167306000149;34325;0
2408300;Nova Cruz;RN;M;08144784000133;35523;0
2408409;Olho-d'Água do Borges;RN;M;08349029000195;3736;0
2408508;Ouro Branco;RN;M;08095473000121;5084;0
2408607;Paraná;RN;M;08148454000116;4048;0
2408706;Paraú;RN;M;08084691000160;3650;0
2408805;Parazinho;RN;M;08113631000129;4945;0
2408904;Parelhas;RN;M;08087561000181;22242;0
2408953;Rio do Fogo;RN;M;01612393000157;10692;0
2409100;Passa e Fica;RN;M;08144982000105;11407;0
2409209;Passagem;RN;M;08145153000139;3233;0
2409308;Patu;RN;M;08349078000128;11215;0
2409332;Santa Maria;RN;M;01612438000193;5000;0
2409407;Pau dos Ferros;RN;M;08148421000176;32123;0
2409506;Pedra Grande;RN;M;08113896000127;3736;0
2409605;Pedra Preta;RN;M;08113995000109;2495;0
2409704;Pedro Avelino;RN;M;08294654000187;6312;0
2409803;Pedro Velho;RN;M;08354896000119;14197;0
2409902;Pendências;RN;M;08122657000133;12499;0
2410009;Pilões;RN;M;08148488000100;2992;0
2410108;Poço Branco;RN;M;08311904000140;12565;0
2410207;Portalegre;RN;M;08358053000190;7859;0
2410256;Porto do Mangue;RN;M;01612371000197;5351;0
2410306;Serra Caiada;RN;M;08078412000156;11203;0
2410405;Pureza;RN;M;08290223000142;9752;0
2410504;Rafael Fernandes;RN;M;08357675000102;5682;0
2410603;Rafael Godeiro;RN;M;08349037000131;3005;0
2410702;Riacho da Cruz;RN;M;08153454000104;2724;0
2410801;Riacho de Santana;RN;M;08357634000108;4245;0
2410900;Riachuelo;RN;M;08364655000150;7646;0
2411007;Rodolfo Fernandes;RN;M;08153819000109;4345;0
2411056;Tibau;RN;M;01622882000190;5748;0
2411106;Ruy Barbosa;RN;M;08078958000107;3253;0
2411205;Santa Cruz;RN;M;08358889000195;39101;0
2411403;Santana do Matos;RN;M;08110439000189;12722;0
2411429;Santana do Seridó;RN;M;08088247000113;2796;0
2411502;Santo Antônio;RN;M;08144800000198;22793;0
2411601;São Bento do Norte;RN;M;08114514000180;3442;0
2411700;São Bento do Trairí;RN;M;08160467000100;3890;0
2411809;São Fernando;RN;M;08096612000131;3606;0
2411908;São Francisco do Oeste;RN;M;08154015000116;4319;0
2412005;São Gonçalo do Amarante;RN;M;08079402000135;124495;0
2412104;São João do Sabugi;RN;M;08095960000194;6136;0
2412203;São José de Mipibu;RN;M;08365850000103;50053;0
2412302;São José do Campestre;RN;M;08146425000115;11298;0
2412401;São José do Seridó;RN;M;08096083000176;4733;0
2412500;São Miguel;RN;M;08355463000188;24422;0
2412559;São Miguel do Gostoso;RN;M;01612396000190;10636;0
2412609;São Paulo do Potengi;RN;M;08079774000161;17371;0
2412708;São Pedro;RN;M;08079915000146;5890;0
2412807;São Rafael;RN;M;08085417000106;7889;0
2412906;São Tomé;RN;M;08080210000149;10161;0
2413003;São Vicente;RN;M;08308470000129;6530;0
2413102;Senador Elói de Souza;RN;M;08449571000110;6027;0
2413201;Senador Georgino Avelino;RN;M;08168478000137;4202;0
2413300;Serra de São Bento;RN;M;08146680000168;5866;0
2413359;Serra do Mel;RN;M;12755971000120;13819;0
2413409;Serra Negra do Norte;RN;M;08096372000175;7800;0
2413508;Serrinha;RN;M;08144792000180;6608;0
2413557;Serrinha dos Pintos;RN;M;01613858000194;4810;0
2413607;Severiano Melo;RN;M;08358046000199;5616;0
2413706;Sítio Novo;RN;M;08160756000100;4746;0
2413805;Taboleiro Grande;RN;M;08157810000168;2409;0
2413904;Taipu;RN;M;08114753000130;11708;0
2414001;Tangará;RN;M;08159089000145;13583;0
2414100;Tenente Ananias;RN;M;08357667000158;10610;0
2414159;Tenente Laurentino Cruz;RN;M;01612382000177;6152;0
2414209;Tibau do Sul;RN;M;08168775000182;18080;0
2414308;Timbaúba dos Batistas;RN;M;08096596000187;2424;0
2414407;Touros;RN;M;08234155000102;34767;0
2414456;Triunfo Potiguar;RN;M;01612376000110;3477;0
2414506;Umarizal;RN;M;08348963000192;10655;0
2414605;Upanema;RN;M;08085771000130;14048;0
2414704;Várzea;RN;M;08168940000104;5387;0
2414753;Venha-Ver;RN;M;01612380000188;3005;0
2414803;Vera Cruz;RN;M;08362915000159;11053;0
2414902;Viçosa;RN;M;08158198000148;1900;0
2500106;Água Branca;PB;M;09145368000112;9580;0
2500205;Aguiar;PB;M;08939944000130;5026;0
2500304;Alagoa Grande;PB;M;08753204000105;26655;0
2500403;Alagoa Nova;PB;M;08700684000146;21823;0
2500502;Alagoinha;PB;M;08926263000138;14140;0
2500536;Alcantil;PB;M;01612470000179;5806;0
2500577;Algodão de Jandaíra;PB;M;01612471000113;3143;0
2500601;Alhandra;PB;M;08778318000100;23065;0
2500700;São João do Rio do Peixe;PB;M;08924029000171;18500;0
2500734;Amparo;PB;M;01612473000102;2328;0
2500775;Aparecida;PB;M;01613168000135;8257;0
2500809;Araçagi;PB;M;08778029000100;16991;0
2500908;Arara;PB;M;08778755000123;12482;0
2501005;Araruna;PB;M;08927105000100;17360;0
2501104;Areia;PB;M;08754111000103;23031;0
2501153;Areia de Baraúnas;PB;M;01612685000190;2027;0
2501203;Areial;PB;M;08701062000132;7434;0
2501302;Aroeiras;PB;M;08865636000108;19142;0
2501351;Assunção;PB;M;01612635000102;4383;0
2501401;Baía da Traição;PB;M;08894859000101;9741;0
2501500;Bananeiras;PB;M;08927915000159;24134;0
2501534;Baraúna;PB;M;01612512000171;5010;0
2501575;Barra de Santana;PB;M;01612535000186;8247;0
2501609;Barra de Santa Rosa;PB;M;08993925000192;13024;0
2501708;Barra de São Miguel;PB;M;08701708000181;6123;0
2501807;Bayeux;PB;M;08924581000160;83862;0
2501906;Belém;PB;M;08928517000157;16710;0
2502003;Belém do Brejo do Cruz;PB;M;08920126000196;6272;0
2502052;Bernardino Batista;PB;M;01621539000120;3677;0
2502102;Boa Ventura;PB;M;08940702000167;5246;0
2502151;Boa Vista;PB;M;01612538000110;6592;0
2502201;Bom Jesus;PB;M;08923989000117;2328;0
2502300;Bom Sucesso;PB;M;08920571000156;4720;0
2502409;Bonito de Santa Fé;PB;M;08924037000118;10433;0
2502508;Boqueirão;PB;M;08702573000179;18216;0
2502607;Igaracy;PB;M;08885139000171;5719;0
2502706;Borborema;PB;M;09070400000148;4185;0
2603405;Calumbi;PE;M;10279107000174;5354;0
2603454;Camaragibe;PE;M;08260663000157;156112;0
2603504;Camocim de São Félix;PE;M;10766129000169;18018;0
2603603;Camutanga;PE;M;11362779000101;7962;0
2603702;Canhotinho;PE;M;10132777000163;25103;0
2603801;Capoeiras;PE;M;11256088000123;18854;0
2603900;Carnaíba;PE;M;11367414000170;19533;0
2603926;Carnaubeira da Penha;PE;M;35444991000186;12712;0
2604007;Carpina;PE;M;11097342000198;83482;0
2604106;Caruaru;PE;M;10091536000113;405408;0
2604155;Casinhas;PE;M;01618704000195;13468;0
2604205;Catende;PE;M;10186138000180;33086;0
2604304;Cedro;PE;M;11361219000132;10843;0
2604403;Chã de Alegria;PE;M;11049798000182;13496;0
2604502;Chã Grande;PE;M;11049806000190;21258;0
2604601;Condado;PE;M;10150068000100;25416;0
2604700;Correntes;PE;M;11286358000149;17670;0
2604809;Cortês;PE;M;10273548000169;10426;0
2604908;Cumaru;PE;M;11097391000120;16215;0
2605004;Cupira;PE;M;10191799000102;24343;0
2605103;Custódia;PE;M;11358165000156;39609;0
2605152;Dormentes;PE;M;35667377000183;17850;0
2605202;Escada;PE;M;11294303000180;62174;0
2605301;Exu;PE;M;11040870000100;33486;0
2605400;Feira Nova;PE;M;11097243000106;22222;0
2605509;Ferreiros;PE;M;11361870000102;15955;0
2605608;Flores;PE;M;10347466000111;20776;0
2605707;Floresta;PE;M;10113736000120;31702;0
2605806;Frei Miguelinho;PE;M;11361854000110;14055;0
2605905;Gameleira;PE;M;11343902000147;17583;0
2606002;Garanhuns;PE;M;11303906000100;151803;0
3145505;Olímpio Noronha;MG;M;18188276000100;2618;0
3145604;Oliveira;MG;M;16854531000181;40576;0
3145703;Oliveira Fortes;MG;M;17747957000107;2058;0
3145802;Onça de Pitangui;MG;M;18313858000171;3024;0
3145851;Oratórios;MG;M;01616836000188;5102;0
3145877;Orizânia;MG;M;01616271000139;8828;0
3145901;Ouro Branco;MG;M;18295329000192;40638;0
3146008;Ouro Fino;MG;M;18671271000134;33285;0
3146107;Ouro Preto;MG;M;18295295000136;77914;0
3146206;Ouro Verde de Minas;MG;M;18404947000123;5847;0
3146255;Padre Carvalho;MG;M;01612490000140;5045;0
3146305;Padre Paraíso;MG;M;18404764000108;17463;0
3146404;Paineiras;MG;M;18296673000104;4253;0
3146503;Pains;MG;M;20920575000130;8353;0
3146552;Pai Pedro;MG;M;01612479000180;5616;0
3146602;Paiva;MG;M;17747965000145;1495;0
3146701;Palma;MG;M;17734906000132;5699;0
3146750;Palmópolis;MG;M;66234345000118;6342;0
3146909;Papagaios;MG;M;18313866000118;14202;0
3147006;Paracatu;MG;M;18278051000145;99005;0
3147105;Pará de Minas;MG;M;18313817000185;102844;0
3147204;Paraguaçu;MG;M;18008193000192;22452;0
3147303;Paraisópolis;MG;M;18025965000102;21076;0
3147402;Paraopeba;MG;M;18116160000166;24899;0
3147501;Passabém;MG;M;18299511000111;1609;0
3147600;Passa Quatro;MG;M;23245806000145;15847;0
3147709;Passa Tempo;MG;M;18039503000136;8716;0
3147808;Passa-Vinte;MG;M;18338210000150;2311;0
3147907;Passos;MG;M;18241745000108;116951;0
3147956;Patis;MG;M;01612478000135;4825;0
3148004;Patos de Minas;MG;M;18602011000107;169173;0
3148103;Patrocínio;MG;M;18468033000126;94357;0
3148202;Patrocínio do Muriaé;MG;M;17947607000186;5754;0
3148301;Paula Cândido;MG;M;17763715000107;8757;0
3148400;Paulistas;MG;M;18307447000173;4402;0
3148509;Pavão;MG;M;18404772000154;8143;0
3148608;Peçanha;MG;M;18409227000150;17863;0
3148707;Pedra Azul;MG;M;18414565000180;25045;0
3148756;Pedra Bonita;MG;M;01640429000106;7599;0
3148806;Pedra do Anta;MG;M;18133439000158;3366;0
3148905;Pedra do Indaiá;MG;M;18308759000100;4247;0
3149002;Pedra Dourada;MG;M;18114215000107;2916;0
3149101;Pedralva;MG;M;18025973000140;10891;0
3149150;Pedras de Maria da Cruz;MG;M;25209156000108;10601;0
3149200;Pedrinópolis;MG;M;18140335000170;3398;0
3149309;Pedro Leopoldo;MG;M;23456650000141;65174;0
3149408;Pedro Teixeira;MG;M;18338228000151;1857;0
3149507;Pequeri;MG;M;17724360000139;3461;0
3149606;Pequi;MG;M;18313874000164;4265;0
3149705;Perdigão;MG;M;18301051000119;13118;0
3149804;Perdizes;MG;M;18140772000194;17992;0
3149903;Perdões;MG;M;18244343000167;22075;0
3149952;Periquito;MG;M;01613077000108;6624;0
3150000;Pescador;MG;M;18404962000171;3559;0
3150109;Piau;MG;M;18338236000106;2854;0
3150158;Piedade de Caratinga;MG;M;01613130000162;8966;0
3150208;Piedade de Ponte Nova;MG;M;18316257000112;4054;0
3150307;Piedade do Rio Grande;MG;M;18685438000116;4694;0
3150406;Piedade dos Gerais;MG;M;18363960000181;5199;0
3150505;Pimenta;MG;M;16725962000148;8817;0
3150539;Pingo-d'Água;MG;M;01613204000160;4864;0
3150570;Pintópolis;MG;M;01612481000159;7228;0
2514404;São José de Espinharas;PB;M;08882730000175;4056;0
2514453;São José dos Ramos;PB;M;01612384000166;6137;0
2514503;São José de Piranhas;PB;M;08924052000166;19561;0
2514552;São José de Princesa;PB;M;01612684000145;3323;0
2514602;São José do Bonfim;PB;M;08882862000105;3337;0
2514651;São José do Brejo do Cruz;PB;M;01612692000191;1750;0
2514701;São José do Sabugi;PB;M;08883217000107;4283;0
2514800;São José dos Cordeiros;PB;M;08873226000109;3462;0
2514909;São Mamede;PB;M;08922718000147;7629;0
2515005;São Miguel de Taipu;PB;M;08868515000110;7307;0
2515104;São Sebastião de Lagoa de Roça;PB;M;08742439000100;11387;0
2515203;São Sebastião do Umbuzeiro;PB;M;09074998000143;3382;0
2515302;Sapé;PB;M;08917080000156;53457;0
2515401;São Vicente do Seridó;PB;M;08916124000123;10652;0
2515500;Serra Branca;PB;M;08874695000142;14131;0
2515609;Serra da Raiz;PB;M;08789737000147;3156;0
2515708;Serra Grande;PB;M;08891830000168;3056;0
2515807;Serra Redonda;PB;M;08868937000195;6975;0
2515906;Serraria;PB;M;08790172000118;4754;0
2515930;Sertãozinho;PB;M;01612771000100;5332;0
2515971;Sobrado;PB;M;01612553000168;8646;0
2516003;Solânea;PB;M;08787236000121;27748;0
2516102;Soledade;PB;M;08919425000100;14409;0
2516151;Sossêgo;PB;M;01613663000144;3476;0
2516201;Sousa;PB;M;08999674000153;70066;0
2516300;Sumé;PB;M;08874935000109;17852;0
2516409;Tacima;PB;M;08787392000192;7794;0
2516508;Taperoá;PB;M;08749525000136;14358;0
2516607;Tavares;PB;M;08944092000170;14473;0
2516706;Teixeira;PB;M;08883951000168;15129;0
2516755;Tenório;PB;M;01612649000126;3082;0
2516805;Triunfo;PB;M;08924060000102;10315;0
2516904;Uiraúna;PB;M;08924078000104;15431;0
2517001;Umbuzeiro;PB;M;08869489000144;9274;0
2517100;Várzea;PB;M;08884066000101;2777;0
2517209;Vieirópolis;PB;M;01613339000126;4967;0
2517407;Zabelê;PB;M;01612642000104;2323;0
2600054;Abreu e Lima;PE;M;08637373000180;104248;0
2600104;Afogados da Ingazeira;PE;M;10346096000106;42672;0
2600203;Afrânio;PE;M;10358174000184;19409;0
2600302;Agrestina;PE;M;10091494000110;24680;0
2600401;Água Preta;PE;M;10183929000157;26981;0
2600500;Águas Belas;PE;M;11286341000191;43822;0
2600609;Alagoinha;PE;M;11043981000170;14460;0
2600708;Aliança;PE;M;10164028000118;37349;0
2600807;Altinho;PE;M;10091502000129;21134;0
2600906;Amaraji;PE;M;11294360000160;18335;0
2601003;Angelim;PE;M;10130755000164;10591;0
2601052;Araçoiaba;PE;M;01613860000163;19996;0
2601102;Araripina;PE;M;11040854000118;90504;0
2601201;Arcoverde;PE;M;10105955000167;82487;0
2601300;Barra de Guabiraba;PE;M;10120962000138;12601;0
2601409;Barreiros;PE;M;10110989000140;42083;0
2601508;Belém de Maria;PE;M;10184703000170;10798;0
2601607;Belém do São Francisco;PE;M;10113728000183;18648;0
2601706;Belo Jardim;PE;M;10260222000105;84033;0
2601805;Betânia;PE;M;10287373000149;11961;0
2601904;Bezerros;PE;M;10091510000175;65007;0
2602001;Bodocó;PE;M;11040862000164;36145;0
2602100;Bom Conselho;PE;M;11285954000104;46202;0
2602209;Bom Jardim;PE;M;10293074000117;39289;0
2602308;Bonito;PE;M;10121515000101;39212;0
2602407;Brejão;PE;M;10131076000100;9417;0
2602506;Brejinho;PE;M;11358173000100;8033;0
2602605;Brejo da Madre de Deus;PE;M;10091528000177;51308;0
2602704;Buenos Aires;PE;M;10165165000177;13276;0
2602803;Buíque;PE;M;10105963000103;53489;0
2602902;Cabo de Santo Agostinho;PE;M;11294402000162;218049;0
2603009;Cabrobó;PE;M;10113710000181;31762;0
2603108;Cachoeirinha;PE;M;10091619000102;20673;0
2603207;Caetés;PE;M;10131720000140;30571;0
2603306;Calçado;PE;M;11034741000100;11453;0
3158201;Santa Maria do Suaçuí;MG;M;18409219000104;12817;0
3158300;Santana da Vargem;MG;M;18245183000170;6756;0
3158409;Santana de Cataguases;MG;M;17702515000136;3548;0
3158508;Santana de Pirapama;MG;M;18116178000168;7030;0
3158607;Santana do Deserto;MG;M;18338277000194;3815;0
3158706;Santana do Garambéu;MG;M;18338285000130;2171;0
3158805;Santana do Jacaré;MG;M;17888116000101;4246;0
3158904;Santana do Manhuaçu;MG;M;18385146000168;9264;0
3158953;Santana do Paraíso;MG;M;38515573000120;49025;0
3159001;Santana do Riacho;MG;M;18715458000192;5654;0
3159100;Santana dos Montes;MG;M;19718394000146;3490;0
3159209;Santa Rita de Caldas;MG;M;17857442000151;8561;0
3159308;Santa Rita de Jacutinga;MG;M;18338269000148;4826;0
3159357;Santa Rita de Minas;MG;M;66229584000180;6969;0
3159407;Santa Rita de Ibitipoca;MG;M;18094862000196;3331;0
3159506;Santa Rita do Itueto;MG;M;18413187000110;5984;0
3159605;Santa Rita do Sapucaí;MG;M;18192898000102;42517;0
3159704;Santa Rosa da Serra;MG;M;18192252000125;3487;0
3159803;Santa Vitória;MG;M;18457226000181;21914;0
3159902;Santo Antônio do Amparo;MG;M;18244335000110;17657;0
3160009;Santo Antônio do Aventureiro;MG;M;17710476000119;3896;0
3160108;Santo Antônio do Grama;MG;M;18836973000120;4352;0
3160207;Santo Antônio do Itambé;MG;M;18303222000149;3969;0
3160306;Santo Antônio do Jacinto;MG;M;18349951000136;10324;0
3160405;Santo Antônio do Monte;MG;M;16870974000166;28456;0
3160454;Santo Antônio do Retiro;MG;M;01612484000192;6729;0
3160504;Santo Antônio do Rio Abaixo;MG;M;18303248000197;1856;0
3160603;Santo Hipólito;MG;M;17694886000113;2692;0
3160702;Santos Dumont;MG;M;17747924000159;43218;0
3160801;São Bento Abade;MG;M;17877176000129;4846;0
3160900;São Brás do Suaçuí;MG;M;20356754000196;4161;0
3160959;São Domingos das Dores;MG;M;01613129000138;5793;0
3161007;São Domingos do Prata;MG;M;18401018000160;17783;0
3161056;São Félix de Minas;MG;M;01613121000171;3244;0
3161106;São Francisco;MG;M;22679153000140;54223;0
3161205;São Francisco de Paula;MG;M;18312975000110;6281;0
3161304;São Francisco de Sales;MG;M;18457283000160;5858;0
3161403;São Francisco do Glória;MG;M;18114231000191;4848;0
3161502;São Geraldo;MG;M;18137935000180;10524;0
3161601;São Geraldo da Piedade;MG;M;18307470000168;3200;0
3161650;São Geraldo do Baixio;MG;M;01613075000100;3158;0
3161700;São Gonçalo do Abaeté;MG;M;18602086000198;7515;0
3161809;São Gonçalo do Pará;MG;M;18291369000166;12275;0
3161908;São Gonçalo do Rio Abaixo;MG;M;24380651000112;12475;0
3162005;São Gonçalo do Sapucaí;MG;M;18712158000150;24497;0
3162104;São Gotardo;MG;M;18602037000155;43851;0
3162203;São João Batista do Glória;MG;M;18241778000158;7959;0
3162252;São João da Lagoa;MG;M;01612494000128;4962;0
3162302;São João da Mata;MG;M;17935206000106;3012;0
3162401;São João da Ponte;MG;M;16928483000129;24197;0
3162450;São João das Missões;MG;M;01612486000181;13547;0
3162500;São João del Rei;MG;M;17749896000109;94468;0
3162559;São João do Manhuaçu;MG;M;66232521000182;11676;0
3162575;São João do Manteninha;MG;M;22705248000190;5479;0
3162609;São João do Oriente;MG;M;18338848000190;7099;0
3162658;São João do Pacuí;MG;M;01612474000157;4050;0
3162708;São João do Paraíso;MG;M;24791154000107;24706;0
3162807;São João Evangelista;MG;M;18307488000160;15613;0
3162906;São João Nepomuceno;MG;M;18558072000114;26529;0
3162922;São Joaquim de Bicas;MG;M;01612516000150;37017;0
3162948;São José da Barra;MG;M;01616458000132;8145;0
3162955;São José da Lapa;MG;M;42774281000180;28087;0
3163003;São José da Safira;MG;M;18409235000105;3849;0
3163102;São José da Varginha;MG;M;18313882000100;4698;0
3163201;São José do Alegre;MG;M;18025999000199;4252;0
3163300;São José do Divino;MG;M;18404988000110;3482;0
3163409;São José do Goiabal;MG;M;18402552000191;5482;0
3163508;São José do Jacuri;MG;M;18409201000102;6282;0
3163607;São José do Mantimento;MG;M;18392514000103;2844;0
3163706;São Lourenço;MG;M;18188219000121;46868;0
3163805;São Miguel do Anta;MG;M;18133926000110;6410;0
3163904;São Pedro da União;MG;M;18666172000164;4973;0
3164001;São Pedro dos Ferros;MG;M;19243500000182;7132;0
3164100;São Pedro do Suaçuí;MG;M;18409243000143;5143;0
3164209;São Romão;MG;M;24891418000102;10562;0
3164308;São Roque de Minas;MG;M;18306670000104;7370;0
3164407;São Sebastião da Bela Vista;MG;M;17935370000113;6778;0
3164431;São Sebastião da Vargem Alegre;MG;M;01616854000160;3239;0
3164472;São Sebastião do Anta;MG;M;01613123000160;6415;0
3164506;São Sebastião do Maranhão;MG;M;18409177000101;10218;0
3164605;São Sebastião do Oeste;MG;M;18308734000106;9527;0
3164704;São Sebastião do Paraíso;MG;M;18241349000180;75179;0
3164803;São Sebastião do Rio Preto;MG;M;18303263000135;1229;0
3164902;São Sebastião do Rio Verde;MG;M;17906314000150;2385;0
3165008;São Tiago;MG;M;17749904000117;11559;0
3165107;São Tomás de Aquino;MG;M;18241364000129;6837;0
3165206;São Tomé das Letras;MG;M;18008920000111;7107;0
3165305;São Vicente de Minas;MG;M;17954546000184;6928;0
3165404;Sapucaí-Mirim;MG;M;18026005000159;6469;0
3165503;Sardoá;MG;M;18307496000106;5140;0
3165537;Sarzedo;MG;M;01612509000158;39974;0
3165552;Setubinha;MG;M;01613375000190;9985;0
3165560;Sem-Peixe;MG;M;01625189000170;2420;0
3165578;Senador Amaral;MG;M;41778556000190;6517;0
3165602;Senador Cortes;MG;M;17724576000102;2335;0
3165701;Senador Firmino;MG;M;18128231000140;7977;0
3165800;Senador José Bento;MG;M;18675926000142;2149;0
2927408;Salvador;BA;M;13927801000149;2564204;1
2927507;Santa Bárbara;BA;M;13626908000157;21787;0
2927606;Santa Brígida;BA;M;14217368000110;15417;0
2927705;Santa Cruz Cabrália;BA;M;13635008000176;31007;0
2927804;Santa Cruz da Vitória;BA;M;14147912000103;4663;0
2927903;Santa Inês;BA;M;14199921000130;10625;0
2928000;Santaluz;BA;M;13807870000119;40066;0
2928059;Santa Luzia;BA;M;13269634000196;14392;0
2928109;Santa Maria da Vitória;BA;M;13912506000119;40474;0
2928208;Santana;BA;M;13913140000100;25521;0
2928307;Santanópolis;BA;M;13627062000170;9035;0
2928406;Santa Rita de Cássia;BA;M;13880711000140;28890;0
2928505;Santa Teresinha;BA;M;13693650000101;10882;0
2928604;Santo Amaro;BA;M;14222566000172;58398;0
2928703;Santo Antônio de Jesus;BA;M;13825476000103;109791;0
2928802;Santo Estêvão;BA;M;14042667000161;55146;0
2928901;São Desidério;BA;M;13655436000160;34982;0
2928950;São Domingos;BA;M;16435547000150;8690;0
2929008;São Félix;BA;M;13828389000100;11102;0
2929057;São Félix do Coribe;BA;M;16430951000130;15780;0
2929107;São Felipe;BA;M;13827027000102;20923;0
2929206;São Francisco do Conde;BA;M;13830823000196;41110;0
2929255;São Gabriel;BA;M;13891544000132;19229;0
2929305;São Gonçalo dos Campos;BA;M;14060602000149;42171;0
2929354;São José da Vitória;BA;M;16429268000183;5432;0
2929370;São José do Jacuípe;BA;M;16443632000160;10576;0
2929404;São Miguel das Matas;BA;M;13825500000104;10615;0
2929503;São Sebastião do Passé;BA;M;13831441000187;42944;0
2929602;Sapeaçu;BA;M;13696257000171;18656;0
2929701;Sátiro Dias;BA;M;13648480000143;16476;0
2929750;Saubara;BA;M;13040233000160;11859;0
2929800;Saúde;BA;M;14197628000133;10661;0
2929909;Seabra;BA;M;13922604000137;48721;0
2930006;Sebastião Laranjeiras;BA;M;13982616000157;9581;0
2930105;Senhor do Bonfim;BA;M;13988308000139;78090;0
2930154;Serra do Ramalho;BA;M;16417784000198;36252;0
2930204;Sento Sé;BA;M;13692736000110;40232;0
2930303;Serra Dourada;BA;M;14222277000173;17574;0
2930402;Serra Preta;BA;M;13627823000193;18754;0
2930501;Serrinha;BA;M;13845086000103;84690;0
2930600;Serrolândia;BA;M;14196703000141;13863;0
2930709;Simões Filho;BA;M;13927827000197;120419;0
2930758;Sítio do Mato;BA;M;16417792000134;13982;0
2930766;Sítio do Quinto;BA;M;13452958000165;14435;0
2930774;Sobradinho;BA;M;16444804000110;27097;0
2930808;Souto Soares;BA;M;13922554000198;17724;0
2930907;Tabocas do Brejo Velho;BA;M;13655659000128;12368;0
2931004;Tanhaçu;BA;M;13676309000148;21787;0
2931053;Tanque Novo;BA;M;13225131000119;17812;0
2931103;Tanquinho;BA;M;13627997000156;7991;0
2931202;Taperoá;BA;M;13850342000142;18556;0
2931301;Tapiramutá;BA;M;13796016000102;16226;0
2931350;Teixeira de Freitas;BA;M;13650403000128;153738;0
2931400;Teodoro Sampaio;BA;M;13824248000119;7280;0
2931509;Teofilândia;BA;M;13845466000130;21825;0
2931608;Teolândia;BA;M;14196042000154;15978;0
2931707;Terra Nova;BA;M;13824511000170;10976;0
2931806;Tremedal;BA;M;14243463000199;16646;0
2931905;Tucano;BA;M;13810312000102;51016;0
2932002;Uauá;BA;M;13698758000197;25449;0
2932101;Ubaíra;BA;M;13910690000168;19142;0
2932200;Ubaitaba;BA;M;16137309000168;17878;0
2932309;Ubatã;BA;M;14235253000159;15839;0
2932408;Uibaí;BA;M;14140701000130;13886;0
2932457;Umburanas;BA;M;16449902000140;13785;0
2932507;Una;BA;M;13672605000170;18254;0
2932606;Urandi;BA;M;13982632000140;15776;0
2932705;Uruçuca;BA;M;14160378000167;22155;0
2932804;Utinga;BA;M;13811807000156;16645;0
2932903;Valença;BA;M;14235899000136;90053;0
2933000;Valente;BA;M;13845896000151;25132;0
2933059;Várzea da Roça;BA;M;13896758000100;14294;0
2933109;Várzea do Poço;BA;M;13913389000108;8334;0
2933158;Várzea Nova;BA;M;13231006000111;13866;0
2933174;Varzedo;BA;M;13460266000169;10328;0
2933208;Vera Cruz;BA;M;13891130000103;45191;0
2933257;Vereda;BA;M;16412017000196;6157;0
2933307;Vitória da Conquista;BA;M;14239578000100;396613;0
2933406;Wagner;BA;M;14694517000132;9866;0
2933455;Wanderley;BA;M;13348479000101;13460;0
2933505;Wenceslau Guimarães;BA;M;13758842000159;25535;0
2933604;Xique-Xique;BA;M;13880257000127;47019;0
3100104;Abadia dos Dourados;MG;M;18593111000114;6345;0
3100203;Abaeté;MG;M;18296632000100;23173;0
3100302;Abre Campo;MG;M;18837278000183;14354;0
3100401;Acaiaca;MG;M;18295287000190;3998;0
3100500;Açucena;MG;M;17005216000142;8926;0
3100609;Água Boa;MG;M;18085563000195;12391;0
3100708;Água Comprida;MG;M;18428953000110;2171;0
3100807;Aguanil;MG;M;17888108000165;4509;0
3100906;Águas Formosas;MG;M;18404749000160;18850;0
3101003;Águas Vermelhas;MG;M;18414581000173;14567;0
3101102;Aimorés;MG;M;18348094000150;26212;0
3101201;Aiuruoca;MG;M;18008896000110;6389;0
3101300;Alagoa;MG;M;18186346000191;2820;0
3101409;Albertina;MG;M;17912015000129;3027;0
3101508;Além Paraíba;MG;M;17709197000135;31159;0
3101607;Alfenas;MG;M;18243220000101;82303;0
3101631;Alfredo Vasconcelos;MG;M;26130617000115;7236;0
3101706;Almenara;MG;M;18349894000195;42019;0
3101805;Alpercata;MG;M;18332627000105;7019;0
3101904;Alpinópolis;MG;M;18241752000100;18673;0
3102001;Alterosa;MG;M;18243238000103;14272;0
3102050;Alto Caparaó;MG;M;01616270000194;6014;0
3102100;Alto Rio Doce;MG;M;18094748000166;10931;0
3102209;Alvarenga;MG;M;19770288000101;3983;0
3102308;Alvinópolis;MG;M;16725392000196;15358;0
3102407;Alvorada de Minas;MG;M;18303164000153;4359;0
3102506;Amparo do Serra;MG;M;18316174000123;4574;0
3102605;Andradas;MG;M;17884412000134;42501;0
3102704;Cachoeira de Pajeú;MG;M;18414599000175;9347;0
3102803;Andrelândia;MG;M;18682930000138;12163;0
3102852;Angelândia;MG;M;01113937000136;7849;0
3102902;Antônio Carlos;MG;M;18094763000104;11350;0
3103009;Antônio Dias;MG;M;16796575000100;9375;0
3103108;Antônio Prado de Minas;MG;M;17947631000115;1552;0
3103207;Araçaí;MG;M;18116111000123;2222;0
3103306;Aracitaba;MG;M;17747940000141;2095;0
3103405;Araçuaí;MG;M;17963083000117;35185;0
3103504;Araguari;MG;M;16829640000149;123432;0
3103603;Arantina;MG;M;17952508000192;2998;0
3103702;Araponga;MG;M;18132167000171;8218;0
3103751;Araporã;MG;M;23098510000149;9069;0
3103801;Arapuá;MG;M;19942895000101;2668;0
3103900;Araújos;MG;M;18300996000116;9634;0
3104007;Araxá;MG;M;18140756000100;118786;0
3104106;Arceburgo;MG;M;17899717000110;9335;0
3104205;Arcos;MG;M;18306662000150;43653;0
3104304;Areado;MG;M;18243246000150;14229;0
3104403;Argirita;MG;M;17730011000120;2715;0
3104452;Aricanduva;MG;M;01608511000153;4820;0
3104502;Arinos;MG;M;18125120000180;17586;0
3104601;Astolfo Dutra;MG;M;17702507000190;14633;0
3104700;Ataléia;MG;M;16971376000183;13936;0
3104809;Augusto de Lima;MG;M;17694845000127;4572;0
3104908;Baependi;MG;M;18008862000126;18782;0
3105004;Baldim;MG;M;18116129000125;7595;0
3105103;Bambuí;MG;M;20920567000193;24203;0
3105202;Bandeira;MG;M;18349902000101;4811;0
3105301;Bandeira do Sul;MG;M;18175794000190;6183;0
3105400;Barão de Cocais;MG;M;18317685000160;32264;0
3105509;Barão de Monte Alto;MG;M;17947649000117;4952;0
3105608;Barbacena;MG;M;17095043000109;129695;0
3105707;Barra Longa;MG;M;18316182000170;5717;0
3105905;Barroso;MG;M;18094755000168;20604;0
3106002;Bela Vista de Minas;MG;M;18311043000153;10427;0
3106101;Belmiro Braga;MG;M;18338129000170;3292;0
3106200;Belo Horizonte;MG;M;18715383000140;2415872;1
3106309;Belo Oriente;MG;M;17005653000166;24546;0
3106408;Belo Vale;MG;M;18363937000197;9012;0
3106507;Berilo;MG;M;17700758000135;9638;0
3106606;Bertópolis;MG;M;18404897000184;4546;0
3106655;Berizal;MG;M;01614602000100;4270;0
3106705;Betim;MG;M;18715391000196;431433;0
3106804;Bias Fortes;MG;M;18094771000150;3367;0
3106903;Bicas;MG;M;17722935000184;14358;0
3107000;Biquinhas;MG;M;18296640000156;2397;0
3107109;Boa Esperança;MG;M;18239590000175;41443;0
3107208;Bocaina de Minas;MG;M;18194076000160;5530;0
3107307;Bocaiúva;MG;M;18803072000132;49797;0
3107406;Bom Despacho;MG;M;18301002000186;54377;0
3107505;Bom Jardim de Minas;MG;M;18684217000123;6988;0
3107604;Bom Jesus da Penha;MG;M;18187815000197;4677;0
3107703;Bom Jesus do Amparo;MG;M;18317693000106;5786;0
3107802;Bom Jesus do Galho;MG;M;18334276000171;14719;0
3107901;Bom Repouso;MG;M;18675892000196;13312;0
3108008;Bom Sucesso;MG;M;18244368000160;17515;0
3108107;Bonfim;MG;M;18363945000133;7710;0
3108206;Bonfinópolis de Minas;MG;M;18125138000182;5600;0
3108255;Bonito de Minas;MG;M;01612493000183;10525;0
3108305;Borda da Mata;MG;M;17912023000175;17837;0
3108404;Botelhos;MG;M;17847641000189;15141;0
3108503;Botumirim;MG;M;18017418000177;5806;0
3108552;Brasilândia de Minas;MG;M;01602009000135;15485;0
3108602;Brasília de Minas;MG;M;18017442000106;33262;0
3108701;Brás Pires;MG;M;18128272000137;4296;0
3108800;Braúnas;MG;M;18307389000188;4445;0
3108909;Brazópolis;MG;M;18025890000151;14491;0
3109006;Brumadinho;MG;M;18363929000140;41090;0
3109105;Bueno Brandão;MG;M;18940098000122;11168;0
3109204;Buenópolis;MG;M;17694852000129;9171;0
3109253;Bugre;MG;M;01613126000102;4159;0
3109303;Buritis;MG;M;18125146000129;24779;0
3109402;Buritizeiro;MG;M;18279067000172;23908;0
3109451;Cabeceira Grande;MG;M;01603707000155;6811;0
3109501;Cabo Verde;MG;M;17909599000183;11269;0
3109600;Cachoeira da Prata;MG;M;25004532000128;3785;0
3109709;Cachoeira de Minas;MG;M;18675959000192;12302;0
3109808;Cachoeira Dourada;MG;M;18457267000178;2337;0
3109907;Caetanópolis;MG;M;23221351000128;11906;0
3110004;Caeté;MG;M;18302299000102;39775;0
3110103;Caiana;MG;M;18114256000195;5484;0
3110202;Cajuri;MG;M;18132456000170;4191;0
3110301;Caldas;MG;M;18625129000150;14628;0
3110400;Camacho;MG;M;18308726000151;2851;0
3110509;Camanducaia;MG;M;17935396000161;27860;0
3110608;Cambuí;MG;M;18675975000185;31066;0
3110707;Cambuquira;MG;M;17955386000198;12551;0
3110806;Campanário;MG;M;18404905000192;2884;0
3110905;Campanha;MG;M;18712174000142;16372;0
3111002;Campestre;MG;M;18178400000157;21155;0
3111101;Campina Verde;MG;M;18457291000107;18188;0
3111150;Campo Azul;MG;M;01612551000179;3806;0
3111200;Campo Belo;MG;M;18659334000137;54027;0
3111309;Campo do Meio;MG;M;18239582000129;11625;0
3111408;Campo Florido;MG;M;18428862000185;8931;0
3111507;Campos Altos;MG;M;18298190000130;13076;0
3111606;Campos Gerais;MG;M;18245175000124;26749;0
3111705;Canaã;MG;M;18132712000120;4839;0
3111804;Canápolis;MG;M;18457200000133;10716;0
3111903;Cana Verde;MG;M;18244426000156;5342;0
3112000;Candeias;MG;M;17888090000100;14211;0
3112059;Cantagalo;MG;M;01617441000108;4029;0
3112109;Caparaó;MG;M;18114249000193;5138;0
3112208;Capela Nova;MG;M;19259951000108;4397;0
3112307;Capelinha;MG;M;19229921000159;41858;0
3112406;Capetinga;MG;M;17894031000136;6627;0
3112505;Capim Branco;MG;M;18314617000147;11210;0
3112604;Capinópolis;MG;M;18457234000128;14872;0
3112653;Capitão Andrade;MG;M;66229105000125;4634;0
3112703;Capitão Enéas;MG;M;18017426000113;14403;0
3112802;Capitólio;MG;M;16726028000140;10991;0
3112901;Caputira;MG;M;18385138000111;9128;0
3113008;Caraí;MG;M;18404848000141;19511;0
3113107;Caranaíba;MG;M;18094789000152;2942;0
3113206;Carandaí;MG;M;18094797000107;24403;0
3113305;Carangola;MG;M;19279827000104;32134;0
3113404;Caratinga;MG;M;18334268000125;90890;0
3113503;Carbonita;MG;M;21154174000189;8603;0
3113602;Careaçu;MG;M;17935388000115;7062;0
3113701;Carlos Chagas;MG;M;18477315000190;18783;0
3113800;Carmésia;MG;M;18303172000108;2693;0
3113909;Carmo da Cachoeira;MG;M;18240135000190;11767;0
3114006;Carmo da Mata;MG;M;18312967000174;11291;0
3114105;Carmo de Minas;MG;M;18188243000160;14125;0
3114204;Carmo do Cajuru;MG;M;18291377000102;24581;0
3114303;Carmo do Paranaíba;MG;M;18602029000109;29885;0
3114402;Carmo do Rio Claro;MG;M;18243287000146;21506;0
3114501;Carmópolis de Minas;MG;M;18312983000167;18561;0
3114550;Carneirinho;MG;M;26042515000148;9633;0
3114600;Carrancas;MG;M;17953332000193;4161;0
3114709;Carvalhópolis;MG;M;18242800000184;3419;0
3114808;Carvalhos;MG;M;18194217000145;4503;0
3114907;Casa Grande;MG;M;18667477000190;2260;0
3115003;Cascalho Rico;MG;M;18259374000191;2751;0
3115102;Cássia;MG;M;17894049000138;17491;0
3115201;Conceição da Barra de Minas;MG;M;18557587000108;3576;0
3115300;Cataguases;MG;M;17702499000181;67732;0
3115359;Catas Altas;MG;M;01612370000142;5706;0
3115409;Catas Altas da Noruega;MG;M;19718378000153;3124;0
3115458;Catuji;MG;M;26218636000106;7248;0
3115474;Catuti;MG;M;01612502000136;4788;0
3115508;Caxambu;MG;M;18008870000172;21412;0
3115607;Cedro do Abaeté;MG;M;18296657000103;1084;0
3115706;Central de Minas;MG;M;17990714000197;6213;0
3115805;Centralina;MG;M;18260497000142;10447;0
3115904;Chácara;MG;M;18338137000116;3194;0
3116001;Chalé;MG;M;18392548000190;6289;0
3116100;Chapada do Norte;MG;M;16886608000103;9763;0
3116159;Chapada Gaúcha;MG;M;01612489000115;12904;0
3116209;Chiador;MG;M;18338145000162;2868;0
3116308;Cipotânea;MG;M;18094805000107;5549;0
3116407;Claraval;MG;M;17894056000130;4786;0
3116506;Claro dos Poções;MG;M;21498274000122;7230;0
3116605;Cláudio;MG;M;18308775000194;31936;0
3116704;Coimbra;MG;M;18132464000117;7293;0
3116803;Coluna;MG;M;18307397000124;8206;0
3116902;Comendador Gomes;MG;M;18449173000157;2804;0
3117009;Comercinho;MG;M;18414615000120;6540;0
3117108;Conceição da Aparecida;MG;M;18243295000192;10705;0
3117207;Conceição das Pedras;MG;M;18025908000115;2840;0
3117306;Conceição das Alagoas;MG;M;18428854000139;30278;0
3117405;Conceição de Ipanema;MG;M;18334300000172;4503;0
3117504;Conceição do Mato Dentro;MG;M;18303156000107;24559;0
3117603;Conceição do Pará;MG;M;18315200000107;5584;0
3117702;Conceição do Rio Verde;MG;M;18008888000174;12765;0
3117801;Conceição dos Ouros;MG;M;18677609000165;11218;0
3117836;Cônego Marinho;MG;M;01612492000139;7433;0
3117876;Confins;MG;M;01006232000110;7758;0
3117900;Congonhal;MG;M;18675967000139;11444;0
3118007;Congonhas;MG;M;16752446000102;55272;0
3118106;Congonhas do Norte;MG;M;18303180000146;4924;0
3118205;Conquista;MG;M;18428888000123;6878;0
3118304;Conselheiro Lafaiete;MG;M;19718360000151;138946;0
3118403;Conselheiro Pena;MG;M;19769660000160;21052;0
3118502;Consolação;MG;M;18025916000161;1569;0
3118601;Contagem;MG;M;18715508000131;651718;0
3118700;Coqueiral;MG;M;18239624000121;9188;0
3118809;Coração de Jesus;MG;M;22680672000128;26138;0
3118908;Cordisburgo;MG;M;18116137000171;7535;0
3119005;Cordislândia;MG;M;18712166000104;3236;0
3119104;Corinto;MG;M;17695016000169;23988;0
3119203;Coroaci;MG;M;18085647000129;11240;0
3119302;Coromandel;MG;M;18591149000158;30114;0
3119401;Coronel Fabriciano;MG;M;19875046000182;108708;0
3119500;Coronel Murta;MG;M;18348722000105;8237;0
3119609;Coronel Pacheco;MG;M;18338152000164;2789;0
3119708;Coronel Xavier Chaves;MG;M;18557546000103;3599;0
3119807;Córrego Danta;MG;M;18298174000148;2956;0
3119906;Córrego do Bom Jesus;MG;M;18677633000102;4462;0
3119955;Córrego Fundo;MG;M;01614862000177;6333;0
3120003;Córrego Novo;MG;M;18334284000118;2900;0
3120102;Couto de Magalhães de Minas;MG;M;17754177000186;4351;0
3120151;Crisólita;MG;M;01614283000124;5256;0
3120201;Cristais;MG;M;17888082000155;12634;0
3120300;Cristália;MG;M;18017434000160;5133;0
3120409;Cristiano Otoni;MG;M;19718402000154;4719;0
3120508;Cristina;MG;M;18188250000162;10643;0
3120607;Crucilândia;MG;M;18313007000129;5674;0
3120706;Cruzeiro da Fortaleza;MG;M;18468041000172;3616;0
3120805;Cruzília;MG;M;18008904000129;15831;0
3120839;Cuparaque;MG;M;01615422000134;3958;0
3120870;Curral de Dentro;MG;M;01613076000155;7662;0
3120904;Curvelo;MG;M;17695024000105;84297;0
3121001;Datas;MG;M;17754193000179;5635;0
3121100;Delfim Moreira;MG;M;18025924000108;8133;0
3121209;Delfinópolis;MG;M;17894064000186;8851;0
3121258;Delta;MG;M;01020881000175;11143;0
3121308;Descoberto;MG;M;18558098000162;5070;0
3121407;Desterro de Entre Rios;MG;M;20356762000132;7941;0
3121506;Desterro do Melo;MG;M;18094813000153;3060;0
3121605;Diamantina;MG;M;17754136000190;49493;0
3121704;Diogo de Vasconcelos;MG;M;18295311000190;3581;0
3121803;Dionísio;MG;M;20126439000172;6689;0
3121902;Divinésia;MG;M;18128280000183;4481;0
3122009;Divino;MG;M;18114272000188;21428;0
3122108;Divino das Laranjeiras;MG;M;18357079000178;4147;0
3122207;Divinolândia de Minas;MG;M;18307405000132;6583;0
3122306;Divinópolis;MG;M;18291351000164;243583;0
3122355;Divisa Alegre;MG;M;01613073000111;6541;0
3122405;Divisa Nova;MG;M;18243279000108;6002;0
3122454;Divisópolis;MG;M;66234311000123;10659;0
3122470;Dom Bosco;MG;M;01602782000100;3763;0
3122504;Dom Cavati;MG;M;18080283000194;4967;0
3122603;Dom Joaquim;MG;M;18303198000148;5074;0
3122702;Dom Silvério;MG;M;18297226000161;5355;0
3122801;Dom Viçoso;MG;M;18188268000164;3184;0
3122900;Dona Euzébia;MG;M;17706656000127;6250;0
3123007;Dores de Campos;MG;M;18094821000108;10359;0
3123106;Dores de Guanhães;MG;M;18307413000189;5114;0
3123205;Dores do Indaiá;MG;M;18301010000122;12730;0
3123304;Dores do Turvo;MG;M;18128249000142;5192;0
3123403;Doresópolis;MG;M;18306647000101;1498;0
3123502;Douradoquara;MG;M;18158261000108;1869;0
3123528;Durandé;MG;M;66232547000120;8065;0
3123601;Elói Mendes;MG;M;20347225000126;27429;0
3123700;Engenheiro Caldas;MG;M;18080655000182;14501;0
3123809;Engenheiro Navarro;MG;M;17697152000198;6373;0
3123858;Entre Folhas;MG;M;66229626000182;5295;0
3123908;Entre Rios de Minas;MG;M;20356747000194;15157;0
3124005;Ervália;MG;M;18133306000181;21091;0
3124104;Esmeraldas;MG;M;18715466000139;93103;0
3124203;Espera Feliz;MG;M;18114264000131;24844;0
3124302;Espinosa;MG;M;18650952000116;31375;0
3124401;Espírito Santo do Dourado;MG;M;18675900000102;7132;0
3124500;Estiva;MG;M;18675918000104;11880;0
3124609;Estrela Dalva;MG;M;17710096000184;2189;0
3124708;Estrela do Indaiá;MG;M;18301028000124;2711;0
3124807;Estrela do Sul;MG;M;18592162000121;6897;0
3124906;Eugenópolis;MG;M;17947656000119;11096;0
3125002;Ewbank da Câmara;MG;M;17747932000103;3986;0
3125101;Extrema;MG;M;18677591000100;59336;0
3125200;Fama;MG;M;18243253000151;2676;0
3125309;Faria Lemos;MG;M;18114280000124;3230;0
3125408;Felício dos Santos;MG;M;17754201000187;5251;0
3125507;São Gonçalo do Rio Preto;MG;M;17754151000138;3099;0
3125606;Felisburgo;MG;M;18083071000160;6575;0
3125705;Felixlândia;MG;M;17695032000151;14280;0
3125804;Fernandes Tourinho;MG;M;18080887000130;2814;0
3125903;Ferros;MG;M;18299529000113;9603;0
3125952;Fervedouro;MG;M;26139790000184;10705;0
3126000;Florestal;MG;M;18313833000178;8469;0
3126109;Formiga;MG;M;16784720000125;70897;0
3126208;Formoso;MG;M;18125153000120;8095;0
3126307;Fortaleza de Minas;MG;M;18241760000156;3453;0
3126406;Fortuna de Minas;MG;M;18116145000118;3230;0
3126505;Francisco Badaró;MG;M;18051524000177;7053;0
3126604;Francisco Dumont;MG;M;16885485000188;4547;0
3126703;Francisco Sá;MG;M;22681423000157;23753;0
3126752;Franciscópolis;MG;M;01613394000116;5023;0
3126802;Frei Gaspar;MG;M;18404913000139;5731;0
3126901;Frei Inocêncio;MG;M;16945990000170;8301;0
3126950;Frei Lagonegro;MG;M;01615008000125;3481;0
3127008;Fronteira;MG;M;18449140000107;14946;0
3127057;Fronteira dos Vales;MG;M;18404954000125;4389;0
3127073;Fruta de Leite;MG;M;01612483000148;4538;0
3127107;Frutal;MG;M;18449132000160;61275;0
3127206;Funilândia;MG;M;18062414000100;4934;0
3127305;Galiléia;MG;M;17005000000187;6244;0
3127339;Gameleiras;MG;M;01612482000101;4847;0
3127354;Glaucilândia;MG;M;01612496000117;2991;0
3127370;Goiabeira;MG;M;01615421000190;2859;0
3127388;Goianá;MG;M;01611137000145;4214;0
3127404;Gonçalves;MG;M;18025932000154;4922;0
3127503;Gonzaga;MG;M;18307421000125;5235;0
3127602;Gouveia;MG;M;17754144000136;11536;0
3127701;Governador Valadares;MG;M;20622890000180;266561;0
3127800;Grão Mogol;MG;M;20716627000150;14037;0
3127909;Grupiara;MG;M;17827858000127;1428;0
3128006;Guanhães;MG;M;18307439000127;33517;0
3128105;Guapé;MG;M;18239616000185;14076;0
3128204;Guaraciaba;MG;M;19382647000153;9901;0
3128253;Guaraciama;MG;M;01612549000108;5224;0
3128303;Guaranésia;MG;M;17900473000148;19646;0
3128402;Guarani;MG;M;18338160000100;7731;0
3128501;Guarará;MG;M;17723172000196;3091;0
3128600;Guarda-Mor;MG;M;18277947000100;6687;0
3128709;Guaxupé;MG;M;18663401000197;52744;0
3128808;Guidoval;MG;M;18128215000158;7285;0
3128907;Guimarânia;MG;M;18602052000101;8880;0
3129004;Guiricema;MG;M;18137943000126;7803;0
3129103;Gurinhatã;MG;M;18457192000125;5154;0
3129202;Heliodora;MG;M;18712133000156;6278;0
3129301;Iapu;MG;M;18338830000199;12583;0
3129400;Ibertioga;MG;M;18094839000100;5346;0
3129509;Ibiá;MG;M;18584961000156;22554;0
3129608;Ibiaí;MG;M;16899700000108;6172;0
3129657;Ibiracatu;MG;M;01612477000190;5113;0
3129707;Ibiraci;MG;M;17894072000122;10996;0
3129806;Ibirité;MG;M;18715490000178;179582;0
3129905;Ibitiúra de Minas;MG;M;18178962000109;3440;0
3130002;Ibituruna;MG;M;18244418000100;2733;0
3130051;Icaraí de Minas;MG;M;25224304000163;10914;0
3130101;Igarapé;MG;M;18715474000185;49120;0
3130200;Igaratinga;MG;M;18313825000121;11345;0
3130309;Iguatama;MG;M;18306688000106;6782;0
3130408;Ijaci;MG;M;18244400000108;7358;0
3130507;Ilicínea;MG;M;18239608000139;13248;0
3130556;Imbé de Minas;MG;M;01613233000122;7244;0
3130606;Inconfidentes;MG;M;18028829000168;7537;0
3130655;Indaiabira;MG;M;01614599000116;6328;0
3130705;Indianópolis;MG;M;18259390000184;6311;0
3130804;Ingaí;MG;M;18244319000128;2632;0
3130903;Inhapim;MG;M;20905865000104;22925;0
3131000;Inhaúma;MG;M;18116152000110;6465;0
3131109;Inimutaba;MG;M;17694860000175;7615;0
3131158;Ipaba;MG;M;66229543000193;17587;0
3131208;Ipanema;MG;M;18334292000164;20181;0
3131307;Ipatinga;MG;M;19876424000142;235311;0
3131406;Ipiaçu;MG;M;18457259000121;3807;0
3131505;Ipuiúna;MG;M;18179226000167;9283;0
3131604;Iraí de Minas;MG;M;18158642000189;7467;0
3131703;Itabira;MG;M;18299446000124;118053;0
3131802;Itabirinha;MG;M;17125444000156;10548;0
3131901;Itabirito;MG;M;18307835000154;56369;0
3132008;Itacambira;MG;M;18017400000175;4227;0
3132107;Itacarambi;MG;M;18283101000182;17502;0
3132206;Itaguara;MG;M;18313015000175;14415;0
3132305;Itaipé;MG;M;18404756000161;10482;0
3132404;Itajubá;MG;M;18025940000109;96855;0
3132503;Itamarandiba;MG;M;16886871000194;34210;0
3132602;Itamarati de Minas;MG;M;17706813000102;3710;0
3132701;Itambacuri;MG;M;18404855000143;21210;0
3132800;Itambé do Mato Dentro;MG;M;18299537000160;2168;0
3132909;Itamogi;MG;M;18241380000111;11092;0
3133006;Itamonte;MG;M;18666750000162;15245;0
3133105;Itanhandu;MG;M;18186718000180;15751;0
3133204;Itanhomi;MG;M;18493239000106;11264;0
3133303;Itaobim;MG;M;18414573000127;19263;0
3133402;Itapagipe;MG;M;21226840000147;14014;0
3133501;Itapecerica;MG;M;18308742000144;21456;0
3133600;Itapeva;MG;M;18677625000158;13561;0
3133709;Itatiaiuçu;MG;M;18691766000125;13779;0
3133758;Itaú de Minas;MG;M;23767031000178;14634;0
3133808;Itaúna;MG;M;18309724000187;103272;0
3133907;Itaverava;MG;M;19718386000108;5747;0
3134004;Itinga;MG;M;18348748000145;13954;0
3134103;Itueta;MG;M;18413179000174;6234;0
3134202;Ituiutaba;MG;M;18457218000135;106775;0
3134301;Itumirim;MG;M;18244392000108;6876;0
3134400;Iturama;MG;M;18457242000174;40259;0
3134509;Itutinga;MG;M;18244384000153;4366;0
3134608;Jaboticatubas;MG;M;18715417000104;21407;0
3134707;Jacinto;MG;M;18349910000140;11115;0
3134806;Jacuí;MG;M;18186056000148;7668;0
3134905;Jacutinga;MG;M;17914128000163;26888;0
3135001;Jaguaraçu;MG;M;16816522000104;3181;0
2910909;Firmino Alves;BA;M;13752415000163;4993;0
2911006;Floresta Azul;BA;M;14147904000159;11455;0
2911105;Formosa do Rio Preto;BA;M;13654454000128;27567;0
2911204;Gandu;BA;M;14195358000121;34051;0
2911253;Gavião;BA;M;13233036000167;4489;0
2911303;Gentio do Ouro;BA;M;13879390000163;11276;0
2911402;Glória;BA;M;14217335000170;16107;0
2911501;Gongogi;BA;M;14235048000193;5479;0
2911600;Governador Mangabeira;BA;M;13828496000138;21353;0
2911659;Guajeru;BA;M;13284658000114;8177;0
2911709;Guanambi;BA;M;13982640000196;93488;0
2911808;Guaratinga;BA;M;13634985000159;19413;0
2911857;Heliópolis;BA;M;13393178000191;13055;0
2911907;Iaçu;BA;M;13889993000146;25315;0
2912004;Ibiassucê;BA;M;13676986000166;10746;0
2912103;Ibicaraí;BA;M;14147896000140;22131;0
2912202;Ibicoara;BA;M;13922588000182;21827;0
2912301;Ibicuí;BA;M;13857701000193;14264;0
2912400;Ibipeba;BA;M;13714803000150;17134;0
2912509;Ibipitanga;BA;M;13781364000106;14317;0
2912608;Ibiquera;BA;M;13718671000134;3833;0
2912707;Ibirapitanga;BA;M;13846753000164;26917;0
2912806;Ibirapuã;BA;M;14210389000104;9297;0
2912905;Ibirataia;BA;M;14131569000109;19377;0
2913002;Ibitiara;BA;M;13781828000176;15049;0
2913101;Ibititá;BA;M;13715057000119;17517;0
2913200;Ibotirama;BA;M;13798152000123;27723;0
2913309;Ichu;BA;M;13906151000155;6428;0
2913408;Igaporã;BA;M;13811484000109;16069;0
2913457;Igrapiúna;BA;M;13071212000101;13501;0
2913507;Iguaí;BA;M;13858303000191;21763;0
2913606;Ilhéus;BA;M;13672597000162;189149;0
2913705;Inhambupe;BA;M;13647185000172;35390;0
2913804;Ipecaetá;BA;M;13621735000184;14016;0
2913903;Ipiaú;BA;M;13701651000150;42429;0
2914000;Ipirá;BA;M;14042659000115;59222;0
2914109;Ipupiara;BA;M;13798384000181;10349;0
2914208;Irajuba;BA;M;13763479000160;6232;0
2914307;Iramaia;BA;M;13894902000160;11038;0
2914406;Iraquara;BA;M;13922596000129;24833;0
2914505;Irará;BA;M;13626205000129;29572;0
2914604;Irecê;BA;M;13715891000104;78781;0
2914653;Itabela;BA;M;16234429000183;29588;0
2914703;Itaberaba;BA;M;13719646000175;68425;0
2914802;Itabuna;BA;M;14147490000168;196344;0
2914901;Itacaré;BA;M;13846902000195;29496;0
2915007;Itaeté;BA;M;13922620000120;13775;0
2915106;Itagi;BA;M;14200406000122;14347;0
2915205;Itagibá;BA;M;13701966000106;15796;0
2915304;Itagimirim;BA;M;13634969000166;6490;0
2915353;Itaguaçu da Bahia;BA;M;16445843000131;12669;0
2915403;Itaju do Colônia;BA;M;14147920000141;6118;0
2915502;Itajuípe;BA;M;14147946000190;19191;0
2915601;Itamaraju;BA;M;13761697000165;61999;0
2915700;Itamari;BA;M;13753959000140;7187;0
2915809;Itambé;BA;M;13743760000130;25088;0
2915908;Itanagra;BA;M;14757157000170;6078;0
2916005;Itanhém;BA;M;14210512000197;18203;0
2916104;Itaparica;BA;M;13882949000104;20353;0
2916203;Itapé;BA;M;14147938000143;10649;0
2916302;Itapebi;BA;M;13634993000103;9464;0
2916401;Itapetinga;BA;M;13751102000190;68724;0
2916500;Itapicuru;BA;M;13647557000160;33284;0
2916609;Itapitanga;BA;M;14147482000111;10640;0
2916708;Itaquara;BA;M;13763735000119;8464;0
2916807;Itarantim;BA;M;13751276000153;17485;0
2916856;Itatim;BA;M;13866843000117;16454;0
2302107;Baturité;CE;M;07387343000108;37147;0
2302206;Beberibe;CE;M;07528292000189;55977;0
2302305;Bela Cruz;CE;M;07566045000177;34613;0
2302404;Boa Viagem;CE;M;07963515000136;52133;0
2302503;Brejo Santo;CE;M;07620701000172;54192;0
2302602;Camocim;CE;M;07660350000123;65251;0
2302701;Campos Sales;CE;M;07416704000199;26049;0
2302800;Canindé;CE;M;07963259000187;77376;0
2302909;Capistrano;CE;M;07063589000116;17795;0
2303006;Caridade;CE;M;07707094000182;16234;0
2303105;Cariré;CE;M;07598600000142;18074;0
2303204;Caririaçu;CE;M;06738132000100;27532;0
2303303;Cariús;CE;M;07540180000143;17277;0
2303402;Carnaubal;CE;M;07732670000141;17815;0
2303501;Cascavel;CE;M;07589369000120;76866;0
2303600;Catarina;CE;M;07540925000174;9110;0
2303659;Catunda;CE;M;35049097000101;10864;0
2303709;Caucaia;CE;M;07616162000106;378406;0
2303808;Cedro;CE;M;07812241000184;22564;0
2303907;Chaval;CE;M;07146301000177;12811;0
2303931;Choró;CE;M;63386627000142;12352;0
2303956;Chorozinho;CE;M;23555279000175;20808;0
2304004;Coreaú;CE;M;07598618000144;21417;0
2304103;Crateús;CE;M;07982036000167;80130;0
2304202;Crato;CE;M;07587975000107;139027;0
2304236;Croatá;CE;M;10462349000107;18050;0
2304251;Cruz;CE;M;07663917000115;32288;0
2304269;Deputado Irapuan Pinheiro;CE;M;12464103000191;9173;0
2304277;Ererê;CE;M;12465068000125;6381;0
2304285;Eusébio;CE;M;23563067000130;82016;0
2304301;Farias Brito;CE;M;07595572000100;18498;0
2304350;Forquilha;CE;M;07673106000103;25298;0
2304400;Fortaleza;CE;M;07954605000160;2578483;1
2304459;Fortim;CE;M;35050756000120;18213;0
2304509;Frecheirinha;CE;M;07598592000134;16516;0
2304608;General Sampaio;CE;M;07438591000122;6929;0
2304657;Graça;CE;M;23467889000117;14176;0
2304707;Granja;CE;M;07827165000180;55809;0
2304806;Granjeiro;CE;M;41342098000142;4955;0
2304905;Groaíras;CE;M;07598709000180;11369;0
2304954;Guaiúba;CE;M;12359535000132;25158;0
2305001;Guaraciaba do Norte;CE;M;07569205000131;44565;0
2305100;Guaramiranga;CE;M;07606478000109;5826;0
2305209;Hidrolândia;CE;M;07707680000127;18186;0
2305233;Horizonte;CE;M;23555196000186;81161;0
2305266;Ibaretama;CE;M;23444680000138;12149;0
2305308;Ibiapina;CE;M;07523186000102;24689;0
2305332;Ibicuitinga;CE;M;12461646000155;12008;0
2305357;Icapuí;CE;M;10393593000157;22562;0
2305407;Icó;CE;M;07669682000179;64745;0
2305506;Iguatu;CE;M;07810468000190;102588;0
2305605;Independência;CE;M;07982028000110;24463;0
2305654;Ipaporanga;CE;M;10462364000147;11963;0
2305704;Ipaumirim;CE;M;07520141000184;12459;0
2305803;Ipu;CE;M;07679723000108;43084;0
2305902;Ipueiras;CE;M;07680846000169;38287;0
2306009;Iracema;CE;M;07891658000180;14440;0
2306108;Irauçuba;CE;M;07683188000169;24867;0
2306207;Itaiçaba;CE;M;07403769000108;7801;0
2306256;Itaitinga;CE;M;41563628000182;72512;0
2306306;Itapajé;CE;M;07683956000184;49073;0
2306405;Itapipoca;CE;M;07623077000167;138978;0
2306504;Itapiúna;CE;M;07387509000188;18197;0
2306553;Itarema;CE;M;07663941000154;45852;0
2306603;Itatira;CE;M;07963739000148;21160;0
2306702;Jaguaretama;CE;M;07442825000105;17604;0
2306801;Jaguaribara;CE;M;07442981000176;10668;0
2306900;Jaguaribe;CE;M;07443708000166;35143;0
2800704;Brejo Grande;SE;M;13110903000177;8025;0
2801009;Campo do Brito;SE;M;13134614000108;18719;0
2801108;Canhoba;SE;M;13115381000104;3850;0
2801207;Canindé de São Francisco;SE;M;13120225000123;33641;0
2801306;Capela;SE;M;13119961000161;32783;0
2801405;Carira;SE;M;13099882000136;20314;0
2801504;Carmópolis;SE;M;13108535000122;14203;0
2801603;Cedro de São João;SE;M;13117601000120;5474;0
2801702;Cristinápolis;SE;M;13096029000160;17594;0
2801900;Cumbe;SE;M;13112289000182;3872;0
2802007;Divina Pastora;SE;M;13108733000196;4436;0
2802106;Estância;SE;M;13097050000180;67060;0
2802205;Feira Nova;SE;M;13112511000147;6358;0
2802304;Frei Paulo;SE;M;13100102000120;14921;0
2802403;Gararu;SE;M;13112669000117;11294;0
2802502;General Maynard;SE;M;13108899000102;3118;0
2802601;Gracho Cardoso;SE;M;13112875000127;5910;0
2802700;Ilha das Flores;SE;M;13111224000112;8499;0
2802809;Indiaroba;SE;M;13097894000121;16991;0
2802908;Itabaiana;SE;M;13104740000110;109250;0
2803005;Itabaianinha;SE;M;13098181000182;42230;0
2803104;Itabi;SE;M;13113063000104;4816;0
2803203;Itaporanga d'Ajuda;SE;M;13128889000139;36074;0
2803302;Japaratuba;SE;M;13093786000180;16451;0
2803401;Japoatã;SE;M;13115910000161;13723;0
2803500;Lagarto;SE;M;13124052000111;105957;0
2803609;Laranjeiras;SE;M;13120613000104;24047;0
2803708;Macambira;SE;M;13103684000107;7048;0
2803807;Malhada dos Bois;SE;M;13115993000199;3674;0
2803906;Malhador;SE;M;13104757000177;11712;0
2804003;Maruim;SE;M;13109350000132;15956;0
2804102;Moita Bonita;SE;M;13104112000134;11297;0
2804201;Monte Alegre de Sergipe;SE;M;13113287000108;14781;0
2804300;Muribeca;SE;M;13094222000162;8059;0
2804409;Neópolis;SE;M;13111679000138;16473;0
2804458;Nossa Senhora Aparecida;SE;M;13101308000175;9534;0
2804508;Nossa Senhora da Glória;SE;M;13113626000156;43686;0
2804607;Nossa Senhora das Dores;SE;M;13094446000174;25569;0
2804706;Nossa Senhora de Lourdes;SE;M;13113766000124;6409;0
2804805;Nossa Senhora do Socorro;SE;M;13128814000158;204081;0
2804904;Pacatuba;SE;M;13112222000148;12690;0
2805000;Pedra Mole;SE;M;13100482000101;2811;0
2805109;Pedrinhas;SE;M;13098736000196;7355;0
2805208;Pinhão;SE;M;13100680000167;5759;0
2805307;Pirambu;SE;M;13095039000181;8021;0
2805406;Poço Redondo;SE;M;13114004000142;29238;0
2805505;Poço Verde;SE;M;13106935000107;22217;0
2805604;Porto da Folha;SE;M;13131982000100;27348;0
2805703;Propriá;SE;M;13117320000178;27213;0
2805802;Riachão do Dantas;SE;M;13107180000157;18541;0
2805901;Riachuelo;SE;M;13128897000185;8853;0
2806008;Ribeirópolis;SE;M;13104427000181;17365;0
2806107;Rosário do Catete;SE;M;13109756000115;9507;0
2806206;Salgado;SE;M;13107453000163;20825;0
2806305;Santa Luzia do Itanhy;SE;M;13098942000104;14003;0
2806404;Santana do São Francisco;SE;M;32846347000146;7549;0
2806503;Santa Rosa de Lima;SE;M;13109954000189;4049;0
2806602;Santo Amaro das Brotas;SE;M;13110218000140;11289;0
2806701;São Cristóvão;SE;M;13128855000144;101213;0
2806800;São Domingos;SE;M;13104732000173;10559;0
2806909;São Francisco;SE;M;13118435000187;3330;0
2807006;São Miguel do Aleixo;SE;M;13114533000146;3471;0
2807105;Simão Dias;SE;M;13108089000156;44503;0
2807204;Siriri;SE;M;13110408000168;7981;0
2807303;Telha;SE;M;13118591000148;3389;0
2807402;Tobias Barreto;SE;M;13119300000136;52783;0
2807501;Tomar do Geru;SE;M;13099205000118;12094;0
2807600;Umbaúba;SE;M;13099395000173;24618;0
2900108;Abaíra;BA;M;13670021000166;7407;0
2900207;Abaré;BA;M;13915657000120;18269;0
2900306;Acajutiba;BA;M;13696521000177;14200;0
2900355;Adustina;BA;M;16298929000189;14510;0
2900405;Água Fria;BA;M;13606702000165;14833;0
2900504;Érico Cardoso;BA;M;13670203000137;10947;0
2900603;Aiquara;BA;M;13769609000171;4583;0
2900702;Alagoinhas;BA;M;13646005000138;161196;0
2900801;Alcobaça;BA;M;13761721000166;25601;0
2900900;Almadina;BA;M;14147466000129;5296;0
2901007;Amargosa;BA;M;13825484000150;38585;0
2901106;Amélia Rodrigues;BA;M;13607213000128;24830;0
2901155;América Dourada;BA;M;13891536000196;15572;0
2901205;Anagé;BA;M;13906409000113;26745;0
2901304;Andaraí;BA;M;13922570000180;13545;0
2901353;Andorinha;BA;M;16448870000168;15491;0
2901403;Angical;BA;M;13654421000188;14178;0
2901502;Anguera;BA;M;13607346000102;11490;0
2901601;Antas;BA;M;13808217000174;14984;0
2901700;Antônio Cardoso;BA;M;13607494000119;11498;0
2901809;Antônio Gonçalves;BA;M;13908728000168;11248;0
2901908;Aporá;BA;M;13646542000188;16361;0
2901957;Apuarema;BA;M;16434292000100;7101;0
2902005;Aracatu;BA;M;14105712000180;14440;0
2902054;Araças;BA;M;16131088000110;11953;0
2902104;Araci;BA;M;14232086000192;50308;0
2902203;Aramari;BA;M;13646740000141;10106;0
2902252;Arataca;BA;M;13658158000103;10433;0
2902302;Aratuípe;BA;M;13796073000183;8993;0
2902401;Aurelino Leal;BA;M;16137291000102;11339;0
2902500;Baianópolis;BA;M;13654413000131;14138;0
2902609;Baixa Grande;BA;M;13794912000124;18628;0
2902708;Barra;BA;M;13880703000101;53642;0
2902807;Barra da Estiva;BA;M;13670658000152;27743;0
2902906;Barra do Choça;BA;M;13906789000196;38581;0
2903003;Barra do Mendes;BA;M;13702238000100;14376;0
2903102;Barra do Rocha;BA;M;14234850000169;5898;0
2903201;Barreiras;BA;M;13654405000195;171634;0
2903235;Barro Alto;BA;M;13234349000130;13922;0
2903276;Barrocas;BA;M;04216287000142;15780;0
2903300;Barro Preto;BA;M;14147458000182;5936;0
2903409;Belmonte;BA;M;13634977000102;20527;0
2903508;Belo Campo;BA;M;14237333000143;19074;0
2903607;Biritinga;BA;M;13835558000139;15603;0
2903706;Boa Nova;BA;M;13894894000152;14008;0
2903805;Boa Vista do Tupim;BA;M;13718176000125;17262;0
2903904;Bom Jesus da Lapa;BA;M;14105183000114;68866;0
2903953;Bom Jesus da Serra;BA;M;16418709000141;10018;0
2904001;Boninal;BA;M;13922612000183;14125;0
2904050;Bonito;BA;M;16245375000151;16425;0
2904100;Boquira;BA;M;13780770000146;19782;0
2904209;Botuporã;BA;M;13782479000107;11427;0
2904308;Brejões;BA;M;14197768000101;13224;0
2904407;Brejolândia;BA;M;13654439000180;9363;0
2904506;Brotas de Macaúbas;BA;M;13797600000174;12180;0
2904605;Brumado;BA;M;14105704000133;74368;0
2904704;Buerarema;BA;M;13721188000109;14950;0
2904753;Buritirama;BA;M;13234000000106;20221;0
2904803;Caatiba;BA;M;13856372000166;6128;0
2904852;Cabaceiras do Paraguaçu;BA;M;13866892000150;17024;0
2904902;Cachoeira;BA;M;13828397000156;30498;0
2905008;Caculé;BA;M;13676788000100;23293;0
2905107;Caém;BA;M;13913348000111;10733;0
2905156;Caetanos;BA;M;16418717000198;11432;0
2905206;Caetité;BA;M;13811476000154;54730;0
2905305;Cafarnaum;BA;M;13714142000162;18057;0
2905404;Cairu;BA;M;14235907000144;18578;0
2905503;Caldeirão Grande;BA;M;13913355000113;13597;0
2905602;Camacan;BA;M;13682398000135;22485;0
2905701;Camaçari;BA;M;14109763000180;321636;0
2905800;Camamu;BA;M;13753306000160;31694;0
2905909;Campo Alegre de Lourdes;BA;M;14117329000141;32500;0
2906006;Campo Formoso;BA;M;13908702000110;75112;0
2906105;Canápolis;BA;M;13812144000194;10641;0
2906204;Canarana;BA;M;13714464000101;25007;0
2906303;Canavieiras;BA;M;13817804000120;34392;0
2906402;Candeal;BA;M;13607635000101;7940;0
2906501;Candeias;BA;M;13830336000123;74854;0
2906600;Candiba;BA;M;13982608000100;13417;0
2906709;Cândido Sales;BA;M;13857123000195;26469;0
2906808;Cansanção;BA;M;13806567000100;39725;0
2906824;Canudos;BA;M;13343967000118;16693;0
2906857;Capela do Alto Alegre;BA;M;13897111000194;11035;0
2906873;Capim Grosso;BA;M;13230982000150;35437;0
2906899;Caraíbas;BA;M;16418766000120;10259;0
2906907;Caravelas;BA;M;13761689000119;21384;0
2907004;Cardeal da Silva;BA;M;14126254000165;8633;0
2907103;Carinhanha;BA;M;14105209000124;30439;0
2907202;Casa Nova;BA;M;13691811000128;76131;0
2907301;Castro Alves;BA;M;13693122000152;25470;0
2907400;Catolândia;BA;M;13654447000126;3567;0
2907509;Catu;BA;M;13800685000100;50109;0
2907558;Caturama;BA;M;16257719000142;9108;0
2907608;Central;BA;M;14136816000151;16847;0
2907707;Chorrochó;BA;M;13915665000177;10933;0
2907806;Cícero Dantas;BA;M;13808613000100;32292;0
2907905;Cipó;BA;M;13808936000195;17875;0
2908002;Coaraci;BA;M;14147474000175;17557;0
2908101;Cocos;BA;M;14222012000175;19865;0
2908200;Conceição da Feira;BA;M;13828371000108;21529;0
2908309;Conceição do Almeida;BA;M;13695028000132;16134;0
2908408;Conceição do Coité;BA;M;13843842000157;71601;0
2908507;Conceição do Jacuípe;BA;M;14222574000119;37622;0
2908606;Conde;BA;M;14126692000123;24460;0
2908705;Condeúba;BA;M;13694138000180;17567;0
2908804;Contendas do Sincorá;BA;M;14106553000138;4499;0
2908903;Coração de Maria;BA;M;13883996000172;28408;0
2909000;Cordeiros;BA;M;13694468000175;7748;0
2909109;Coribe;BA;M;13912084000181;14463;0
2909208;Coronel João Sá;BA;M;14215818000136;17598;0
2909307;Correntina;BA;M;14221741000107;34266;0
3534104;Oriente;SP;M;44482552000159;6180;0
3534203;Orindiúva;SP;M;45148970000177;6157;0
3534302;Orlândia;SP;M;45351749000111;39144;0
3534401;Osasco;SP;M;46523171000104;759524;0
3534500;Oscar Bressane;SP;M;44544898000134;2502;0
3534609;Osvaldo Cruz;SP;M;53300356000107;32112;0
3534708;Ourinhos;SP;M;53415717000160;106911;0
3534757;Ouroeste;SP;M;01611213000112;10660;0
3534807;Ouro Verde;SP;M;44882637000124;7900;0
3534906;Pacaembu;SP;M;44927267000102;15273;0
3535002;Palestina;SP;M;45149184000194;11704;0
3535101;Palmares Paulista;SP;M;45126992000136;9666;0
3535200;Palmeira d'Oeste;SP;M;46609731000130;8971;0
3535309;Palmital;SP;M;44543981000199;19714;0
3535408;Panorama;SP;M;44918712000160;15227;0
3535507;Paraguaçu Paulista;SP;M;44547305000193;42049;0
3535606;Paraibuna;SP;M;46643474000152;17959;0
3535705;Paraíso;SP;M;45127248000156;6218;0
3535804;Paranapanema;SP;M;46634309000134;19853;0
3535903;Paranapuã;SP;M;45134236000159;4118;0
3536000;Parapuã;SP;M;53300331000103;10720;0
3536109;Pardinho;SP;M;46634150000158;7435;0
3536208;Pariquera-Açu;SP;M;45685120000108;19603;0
3536257;Parisi;SP;M;59858134000190;3030;0
3536307;Patrocínio Paulista;SP;M;45318185000115;14888;0
3536406;Paulicéia;SP;M;44918928000125;8255;0
3536505;Paulínia;SP;M;45751435000106;116674;0
3536570;Paulistânia;SP;M;01614826000103;2156;0
3536604;Paulo de Faria;SP;M;45150166000122;7390;0
3536703;Pederneiras;SP;M;46189718000179;46337;0
3536802;Pedra Bela;SP;M;45290426000165;6745;0
3536901;Pedranópolis;SP;M;63893929000107;2856;0
3537008;Pedregulho;SP;M;45318466000178;15737;0
3165909;Senador Modestino Gonçalves;MG;M;17754110000141;4006;0
3166006;Senhora de Oliveira;MG;M;23515703000158;5577;0
3166105;Senhora do Porto;MG;M;18307504000114;3066;0
3166204;Senhora dos Remédios;MG;M;18094870000132;10657;0
3166303;Sericita;MG;M;19243518000184;7552;0
3166402;Seritinga;MG;M;18008854000180;1866;0
3166501;Serra Azul de Minas;MG;M;18303230000195;3808;0
3166600;Serra da Saudade;MG;M;18301069000110;856;0
3166709;Serra dos Aimorés;MG;M;18398966000194;6859;0
3166808;Serra do Salitre;MG;M;18468058000120;12286;0
3166907;Serrania;MG;M;18243261000106;7811;0
3166956;Serranópolis de Minas;MG;M;01612501000191;4497;0
3167004;Serranos;MG;M;18008912000175;2036;0
3167103;Serro;MG;M;18303271000181;22624;0
3167202;Sete Lagoas;MG;M;24996969000122;238909;0
3167301;Silveirânia;MG;M;17744558000184;2399;0
3167400;Silvianópolis;MG;M;18675942000135;6348;0
3167509;Simão Pereira;MG;M;18338293000187;3084;0
3167608;Simonésia;MG;M;18385120000110;20431;0
3167707;Sobrália;MG;M;18083055000178;5140;0
3167806;Soledade de Minas;MG;M;18188235000114;5733;0
3167905;Tabuleiro;MG;M;17744798000189;4097;0
3168002;Taiobeiras;MG;M;18017384000110;34537;0
3168051;Taparuba;MG;M;01616741000164;3508;0
3168101;Tapira;MG;M;18140806000140;4215;0
3168200;Tapiraí;MG;M;20920625000189;1698;0
3168309;Taquaraçu de Minas;MG;M;18302315000159;4394;0
3168408;Tarumirim;MG;M;18338855000192;15104;0
3168507;Teixeiras;MG;M;18134056000102;12691;0
3168606;Teófilo Otoni;MG;M;18404780000109;142851;0
3168705;Timóteo;MG;M;19875020000134;84172;0
3168804;Tiradentes;MG;M;18557579000153;8056;0
3168903;Tiros;MG;M;18602094000134;8231;0
3169000;Tocantins;MG;M;18128223000102;16603;0
3169059;Tocos do Moji;MG;M;01601656000122;3894;0
3169109;Toledo;MG;M;18677617000101;7625;0
3169208;Tombos;MG;M;18114223000145;8653;0
3169307;Três Corações;MG;M;17955535000119;78291;0
3169356;Três Marias;MG;M;17695008000112;29985;0
3169406;Três Pontas;MG;M;18245167000188;57209;0
3169505;Tumiritinga;MG;M;21078563000172;5955;0
3169604;Tupaciguara;MG;M;18260489000104;26583;0
3169703;Turmalina;MG;M;25324187000100;20769;0
3169802;Turvolândia;MG;M;18712141000100;5097;0
3169901;Ubá;MG;M;18128207000101;107423;0
3170008;Ubaí;MG;M;18017459000163;11985;0
3170057;Ubaporanga;MG;M;66229717000118;13485;0
3150604;Piracema;MG;M;17980392000103;6905;0
3150703;Pirajuba;MG;M;18428847000137;5814;0
3150802;Piranga;MG;M;23515687000101;17358;0
3150901;Piranguçu;MG;M;18025981000197;6320;0
3151008;Piranguinho;MG;M;18192906000110;9518;0
3151107;Pirapetinga;MG;M;18092825000149;11454;0
3151206;Pirapora;MG;M;23539463000121;57713;0
3151305;Piraúba;MG;M;18554147000199;12006;0
3151404;Pitangui;MG;M;18315226000147;27834;0
3151503;Piumhi;MG;M;16781346000104;38007;0
3151602;Planura;MG;M;18449157000164;11533;0
3151701;Poço Fundo;MG;M;18242792000176;16824;0
3151800;Poços de Caldas;MG;M;18629840000183;172339;0
3151909;Pocrane;MG;M;18334318000174;8438;0
3152006;Pompéu;MG;M;18296681000142;32441;0
3152105;Ponte Nova;MG;M;23804149000129;59638;0
3152131;Ponto Chique;MG;M;01612500000147;3797;0
3152170;Ponto dos Volantes;MG;M;01613377000189;11059;0
3152204;Porteirinha;MG;M;18013326000119;38692;0
3152303;Porto Firme;MG;M;18567354000188;10840;0
3152402;Poté;MG;M;18404970000118;13649;0
3152501;Pouso Alegre;MG;M;18675983000121;162133;0
3152600;Pouso Alto;MG;M;18667212000192;6779;0
3152709;Prados;MG;M;18557538000167;9369;0
3152808;Prata;MG;M;18260505000150;29745;0
3152907;Pratápolis;MG;M;18241356000182;8534;0
3153004;Pratinha;MG;M;18585570000156;3691;0
3153103;Presidente Bernardes;MG;M;23515695000140;4847;0
3153202;Presidente Juscelino;MG;M;17695057000155;3471;0
3153301;Presidente Kubitschek;MG;M;17754185000122;3162;0
3153400;Presidente Olegário;MG;M;18602060000140;19192;0
3153509;Alto Jequitibá;MG;M;18392506000159;8606;0
3153608;Prudente de Morais;MG;M;18314625000193;12052;0
3153707;Quartel Geral;MG;M;18296699000144;3232;0
3153806;Queluzito;MG;M;19718410000109;1796;0
3153905;Raposos;MG;M;18312132000114;16796;0
3154002;Raul Soares;MG;M;18836965000184;23874;0
3154101;Recreio;MG;M;17735754000192;11383;0
3154150;Reduto;MG;M;01614977000161;8246;0
3154200;Resende Costa;MG;M;17749912000163;11544;0
3154309;Resplendor;MG;M;18413161000172;17629;0
3154408;Ressaquinha;MG;M;18094847000148;4640;0
3154457;Riachinho;MG;M;25222118000195;6830;0
3154507;Riacho dos Machados;MG;M;16925208000151;8858;0
3154606;Ribeirão das Neves;MG;M;18314609000109;346971;0
3154705;Ribeirão Vermelho;MG;M;18244087000108;4217;0
3154804;Rio Acima;MG;M;18312108000185;10698;0
3154903;Rio Casca;MG;M;18836957000138;12851;0
3155009;Rio Doce;MG;M;18316265000169;2545;0
3155108;Rio do Prado;MG;M;18349936000198;4649;0
3155207;Rio Espera;MG;M;24179665000172;5447;0
3155306;Rio Manso;MG;M;18363978000183;5746;0
3155405;Rio Novo;MG;M;18338244000144;8683;0
3155504;Rio Paranaíba;MG;M;18602045000100;15297;0
3155603;Rio Pardo de Minas;MG;M;24212862000146;29103;0
3155702;Rio Piracicaba;MG;M;18400945000166;15036;0
3155801;Rio Pomba;MG;M;17744434000107;17885;0
3155900;Rio Preto;MG;M;18338251000146;5235;0
3156007;Rio Vermelho;MG;M;18303255000199;12770;0
3156106;Ritápolis;MG;M;18557553000105;5122;0
3156205;Rochedo de Minas;MG;M;18558080000160;2374;0
3156304;Rodeiro;MG;M;18128256000144;9168;0
3156403;Romaria;MG;M;18160044000144;3430;0
3156452;Rosário da Limeira;MG;M;01616837000122;4926;0
3156502;Rubelita;MG;M;24363590000185;5460;0
3156601;Rubim;MG;M;18349944000134;10602;0
2916906;Itiruçu;BA;M;14198543000170;11211;0
2917003;Itiúba;BA;M;13988324000121;35490;0
2917102;Itororó;BA;M;13752993000108;16849;0
2917201;Ituaçu;BA;M;14106280000121;18506;0
2917300;Ituberá;BA;M;14195333000128;22154;0
2917334;Iuiú;BA;M;16416158000187;11559;0
2917359;Jaborandi;BA;M;13245568000114;9600;0
2917409;Jacaraci;BA;M;13677109000100;14910;0
2917508;Jacobina;BA;M;14197586000130;86896;0
2917607;Jaguaquara;BA;M;13910211000103;47624;0
2917706;Jaguarari;BA;M;13988316000185;34528;0
2917805;Jaguaripe;BA;M;13796289000149;18349;0
2917904;Jandaíra;BA;M;13697206000164;9508;0
2918001;Jequié;BA;M;13894878000160;169201;0
2918100;Jeremoabo;BA;M;13809041000175;39539;0
2918209;Jiquiriçá;BA;M;13764659000166;14063;0
2918308;Jitaúna;BA;M;14205686000161;14824;0
2918357;João Dourado;BA;M;13891510000148;25892;0
2918407;Juazeiro;BA;M;13915632000127;256122;0
2918456;Jucuruçu;BA;M;16412025000132;9930;0
2918506;Jussara;BA;M;13717277000181;17007;0
2918555;Jussari;BA;M;13657937000186;6048;0
2918605;Jussiape;BA;M;13674148000153;7567;0
2918704;Lafaiete Coutinho;BA;M;14205959000178;4228;0
2918753;Lagoa Real;BA;M;16416117000190;14550;0
2918803;Laje;BA;M;13825492000104;21705;0
2918902;Lajedão;BA;M;13785670000102;3994;0
2919009;Lajedinho;BA;M;13810544000160;3610;0
2919058;Lajedo do Tabocal;BA;M;16434441000131;7683;0
2512101;Pombal;PB;M;08948697000139;33866;0
2512200;Prata;PB;M;09074113000106;4032;0
2512309;Princesa Isabel;PB;M;08888968000108;21674;0
2512408;Puxinanã;PB;M;09001744000103;14942;0
2512507;Queimadas;PB;M;08742264000122;50698;0
2512606;Quixaba;PB;M;08881567000126;1803;0
2512705;Remígio;PB;M;09048976000109;18399;0
2512721;Pedro Régis;PB;M;01612967000197;5932;0
2512747;Riachão;PB;M;01612770000158;2945;0
2512754;Riachão do Bacamarte;PB;M;01612343000170;4911;0
2512762;Riachão do Poço;PB;M;01612366000184;4989;0
2512788;Riacho de Santo Antônio;PB;M;01612637000100;2063;0
2512804;Riacho dos Cavalos;PB;M;08921876000182;8788;0
2512903;Rio Tinto;PB;M;08899940000176;25500;0
2513000;Salgadinho;PB;M;08881666000108;3435;0
2513109;Salgado de São Félix;PB;M;09072463000133;11741;0
2513158;Santa Cecília;PB;M;01612643000159;8113;0
2513208;Santa Cruz;PB;M;08999690000146;6013;0
2513307;Santa Helena;PB;M;08764284000102;6023;0
2513356;Santa Inês;PB;M;01612693000136;3256;0
2513406;Santa Luzia;PB;M;09090689000167;15418;0
2513505;Santana de Mangueira;PB;M;09150087000158;5090;0
2513604;Santana dos Garrotes;PB;M;08942211000155;6618;0
2513653;Joca Claudino;PB;M;01613283000100;2607;0
2513703;Santa Rita;PB;M;09159666000161;160852;0
2513802;Santa Teresinha;PB;M;08882524000165;4492;0
2513851;Santo André;PB;M;01612511000127;2708;0
2513901;São Bento;PB;M;09069709000118;33845;0
2513927;São Bentinho;PB;M;01612690000100;4490;0
2513943;São Domingos do Cariri;PB;M;01612650000150;2688;0
2513968;São Domingos;PB;M;01612691000147;2624;0
2513984;São Francisco;PB;M;01613323000113;3176;0
2514008;São João do Cariri;PB;M;09074345000164;4345;0
2514107;São João do Tigre;PB;M;09074592000160;4359;0
2514206;São José da Lagoa Tapada;PB;M;08999682000108;7251;0
2514305;São José de Caiana;PB;M;08891541000169;4966;0
3135050;Jaíba;MG;M;25209149000106;39639;0
3135076;Jampruca;MG;M;66230384000147;4266;0
3135100;Janaúba;MG;M;18017392000167;73555;0
3135209;Januária;MG;M;21461546000110;67123;0
3135308;Japaraíba;MG;M;18306654000103;4706;0
3135357;Japonvar;MG;M;01612476000146;8385;0
3135407;Jeceaba;MG;M;20356739000148;6476;0
3135456;Jenipapo de Minas;MG;M;01613376000134;6072;0
3135506;Jequeri;MG;M;18316166000187;12636;0
3135605;Jequitaí;MG;M;18279083000165;6379;0
3135704;Jequitibá;MG;M;18062208000109;6142;0
3135803;Jequitinhonha;MG;M;18083659000114;24516;0
3135902;Jesuânia;MG;M;18188227000178;5320;0
3136009;Joaíma;MG;M;18495812000110;14035;0
3136108;Joanésia;MG;M;17111626000178;4246;0
3136207;João Monlevade;MG;M;18401059000157;83791;0
3136306;João Pinheiro;MG;M;16930299000113;48725;0
3136405;Joaquim Felício;MG;M;17694878000177;3868;0
3136504;Jordânia;MG;M;18349928000141;10541;0
4322327;Turuçu;RS;M;01613067000164;3488;0
4322343;Ubiretama;RS;M;01611538000103;2025;0
4322350;União da Serra;RS;M;92902154000197;1183;0
4322376;Unistalda;RS;M;01613119000100;2047;0
4322400;Uruguaiana;RS;M;88131164000107;120819;0
4322509;Vacaria;RS;M;87866745000116;66146;0
4322525;Vale Verde;RS;M;01624729000100;3213;0
4322533;Vale do Sol;RS;M;94577574000170;10069;0
4322541;Vale Real;RS;M;92123918000146;6223;0
4322558;Vanini;RS;M;92406206000134;2047;0
4322608;Venâncio Aires;RS;M;87334918000155;70842;0
4322707;Vera Cruz;RS;M;98661366000106;27670;0
4322806;Veranópolis;RS;M;98671597000109;24554;0
4322855;Vespasiano Corrêa;RS;M;01611117000174;1851;0
4322905;Viadutos;RS;M;87613352000109;4847;0
4323002;Viamão;RS;M;88000914000101;231996;0
4323101;Vicente Dutra;RS;M;87612883000179;4741;0
4323200;Victor Graeff;RS;M;87613485000177;2829;0
4323309;Vila Flores;RS;M;91566869000153;3741;0
4323358;Vila Lângaro;RS;M;01612386000155;2121;0
4323408;Vila Maria;RS;M;92406115000107;4515;0
4323457;Vila Nova do Sul;RS;M;94444189000155;3932;0
4323507;Vista Alegre;RS;M;92403583000110;2710;0
4323606;Vista Alegre do Prata;RS;M;91566877000108;1624;0
4323705;Vista Gaúcha;RS;M;91997072000100;2843;0
4323754;Vitória das Missões;RS;M;94449030000123;3316;0
4323770;Westfália;RS;M;04215147000150;3223;0
4323804;Xangri-lá;RS;M;94436474000124;16949;0
5000203;Água Clara;MS;M;03184066000177;17901;0
5000252;Alcinópolis;MS;M;37226651000104;4649;0
5000609;Amambai;MS;M;03568433000136;41751;0
5000708;Anastácio;MS;M;03452307000111;24781;0
5000807;Anaurilândia;MS;M;03575727000195;7688;0
5000856;Angélica;MS;M;03747649000169;11308;0
5000906;Antônio João;MS;M;03567930000110;9717;0
5001003;Aparecida do Taboado;MS;M;03563335000106;29826;0
5001102;Aquidauana;MS;M;03452299000103;48689;0
5001243;Aral Moreira;MS;M;03759271000113;11125;0
5001508;Bandeirantes;MS;M;03501491000142;8342;0
5001904;Bataguassu;MS;M;03576220000156;24222;0
5002001;Batayporã;MS;M;03505013000100;10947;0
5002100;Bela Vista;MS;M;03217916000196;21881;0
5002159;Bodoquena;MS;M;15465016000147;8887;0
5002209;Bonito;MS;M;03073673000160;25034;0
5002308;Brasilândia;MS;M;03184058000120;11833;0
5002407;Caarapó;MS;M;03155900000104;32748;0
5002605;Camapuã;MS;M;03501517000152;13928;0
5002704;Campo Grande;MS;M;03501509000106;962883;1
5002803;Caracol;MS;M;03217924000132;5096;0
5002902;Cassilândia;MS;M;03342920000186;21565;0
5002951;Chapadão do Sul;MS;M;24651200000172;34606;0
5003108;Corguinho;MS;M;03501525000107;4892;0
5003157;Coronel Sapucaia;MS;M;01988914000175;14685;0
5003207;Corumbá;MS;M;03330461000110;98751;0
5003256;Costa Rica;MS;M;15389596000130;28740;0
5003306;Coxim;MS;M;03510211000162;33440;0
5003454;Deodápolis;MS;M;03903176000141;14317;0
5003488;Dois Irmãos do Buriti;MS;M;24616187000110;11521;0
5003504;Douradina;MS;M;15479751000100;5768;0
5003702;Dourados;MS;M;03155926000144;264017;0
5003751;Eldorado;MS;M;03741675000180;11622;0
5003801;Fátima do Sul;MS;M;03155751000175;21504;0
5003900;Figueirão;MS;M;07158578000110;3751;0
5004007;Glória de Dourados;MS;M;03155942000137;10817;0
5004106;Guia Lopes da Laguna;MS;M;03403896000148;10116;0
5004304;Iguatemi;MS;M;03568318000161;13960;0
5004403;Inocência;MS;M;03342938000188;8764;0
5004502;Itaporã;MS;M;03156999000150;25263;0
5004601;Itaquiraí;MS;M;15403041000104;20060;0
5004700;Ivinhema;MS;M;03575875000100;30001;0
5004809;Japorã;MS;M;15905342000128;8441;0
5004908;Jaraguari;MS;M;03501533000145;7480;0
5005004;Jardim;MS;M;03162047000140;24504;0
5005103;Jateí;MS;M;03783859000102;3596;0
5005152;Juti;MS;M;24644296000141;7067;0
5005202;Ladário;MS;M;03330453000174;22425;0
5005251;Laguna Carapã;MS;M;01989813000119;7037;0
5005400;Maracaju;MS;M;03442597000112;48073;0
5005608;Miranda;MS;M;03452315000168;26512;0
5005681;Mundo Novo;MS;M;03741683000126;20087;0
5005707;Naviraí;MS;M;03155934000190;53014;0
5005806;Nioaque;MS;M;03073699000108;13354;0
5006002;Nova Alvorada do Sul;MS;M;37212719000104;23409;0
5006200;Nova Andradina;MS;M;03173317000118;50848;0
5006259;Novo Horizonte do Sul;MS;M;37226644000102;4801;0
5006309;Paranaíba;MS;M;03343118000100;42638;0
5006358;Paranhos;MS;M;01998335000103;13368;0
5006408;Pedro Gomes;MS;M;03352986000157;6910;0
5006606;Ponta Porã;MS;M;03434792000109;98598;0
5006903;Porto Murtinho;MS;M;03107539000132;12721;0
5007109;Ribas do Rio Pardo;MS;M;03501541000191;24152;0
5007208;Rio Brilhante;MS;M;03681582000107;40419;0
5007307;Rio Negro;MS;M;03501558000149;4921;0
5007406;Rio Verde de Mato Grosso;MS;M;03354560000132;20454;0
5007505;Rochedo;MS;M;03501566000195;5451;0
5007554;Santa Rita do Pardo;MS;M;01561372000150;7165;0
5007695;São Gabriel do Oeste;MS;M;15389588000194;32207;0
5007703;Sete Quedas;MS;M;03889011000162;11322;0
5007802;Selvíria;MS;M;15410665000140;8716;0
5007901;Sidrolândia;MS;M;03501574000131;49735;0
5007935;Sonora;MS;M;24651234000167;14813;0
5007950;Tacuru;MS;M;03888989000100;11205;0
5007976;Taquarussu;MS;M;03923703000180;3740;0
5008008;Terenos;MS;M;03501582000188;18182;0
5008305;Três Lagoas;MS;M;03184041000173;143523;0
5008404;Vicentina;MS;M;24644502000113;6505;0
5100102;Acorizal;MT;M;03507571000105;4948;0
5100201;Água Boa;MT;M;15023898000190;32099;0
5100250;Alta Floresta;MT;M;15023906000107;62158;0
5100300;Alto Araguaia;MT;M;03579836000180;17751;0
5100359;Alto Boa Vista;MT;M;37465143000189;5920;0
5100409;Alto Garças;MT;M;03133097000107;13956;0
5100508;Alto Paraguai;MT;M;03648532000128;7525;0
5100607;Alto Taquari;MT;M;01362680000156;11877;0
5100805;Apiacás;MT;M;01321850000154;8693;0
3555208;Turiúba;SP;M;45724952000196;1835;0
3555307;Turmalina;SP;M;45139482000101;1662;0
3555356;Ubarana;SP;M;65708786000141;5458;0
3555406;Ubatuba;SP;M;46482857000196;97096;0
3555505;Ubirajara;SP;M;46231882000105;5289;0
3555604;Uchoa;SP;M;45111952000110;10670;0
3555703;União Paulista;SP;M;45726445000191;1628;0
3555802;Urânia;SP;M;46611117000102;8973;0
3555901;Uru;SP;M;44556207000112;1424;0
3556008;Urupês;SP;M;45159381000194;14073;0
3556107;Valentim Gentil;SP;M;46599833000111;14634;0
3556206;Valinhos;SP;M;45787678000102;132258;0
3556305;Valparaíso;SP;M;72836588000129;24779;0
3556354;Vargem;SP;M;67160507000183;10863;0
3556404;Vargem Grande do Sul;SP;M;46248837000155;41256;0
3556453;Vargem Grande Paulista;SP;M;51455087000122;52352;0
3556503;Várzea Paulista;SP;M;45780087000103;119655;0
3556602;Vera Cruz;SP;M;72887078000180;10274;0
3556701;Vinhedo;SP;M;46446696000185;79089;0
3556800;Viradouro;SP;M;45709912000175;17685;0
3556909;Vista Alegre do Alto;SP;M;52854775000128;8368;0
3556958;Vitória Brasil;SP;M;01611210000189;1828;0
3557006;Votorantim;SP;M;46634051000176;133510;0
3557105;Votuporanga;SP;M;46599809000182;100568;0
3557154;Zacarias;SP;M;65708760000101;2773;0
3557204;Chavantes;SP;M;44563575000198;12415;0
3557303;Estiva Gerbi;SP;M;67168856000141;11609;0
4100103;Abatiá;PR;M;75743567000157;7233;0
4100202;Adrianópolis;PR;M;76105642000117;6319;0
4100301;Agudos do Sul;PR;M;76105667000110;10770;0
4100400;Almirante Tamandaré;PR;M;76105659000174;125861;0
4100459;Altamira do Paraná;PR;M;78069143000147;3496;0
4100509;Altônia;PR;M;81478059000191;18634;0
4100608;Alto Paraná;PR;M;76279967000116;14183;0
4100707;Alto Piquiri;PR;M;76247352000108;9771;0
4100806;Alvorada do Sul;PR;M;75132860000188;10481;0
4100905;Amaporã;PR;M;75475038000110;4688;0
4101002;Ampére;PR;M;77817054000179;20337;0
4101051;Anahy;PR;M;95594800000194;2971;0
4101101;Andirá;PR;M;76235761000194;19989;0
4101150;Ângulo;PR;M;95642286000115;3357;0
4101200;Antonina;PR;M;76022516000107;18140;0
4101309;Antônio Olinto;PR;M;76020460000143;7048;0
4101408;Apucarana;PR;M;75771253000168;134910;0
4101507;Arapongas;PR;M;76958966000106;124838;0
4101606;Arapoti;PR;M;75658377000131;26325;0
4101655;Arapuã;PR;M;01612388000144;3573;0
4101705;Araruna;PR;M;75359760000199;14894;0
4101804;Araucária;PR;M;76105535000199;162247;0
4101853;Ariranha do Ivaí;PR;M;01612453000131;2351;0
4101903;Assaí;PR;M;76290709000130;13477;0
4102000;Assis Chateaubriand;PR;M;76208479000118;38357;0
4102109;Astorga;PR;M;75743377000130;26203;0
4102208;Atalaia;PR;M;75731018000162;4046;0
4102307;Balsa Nova;PR;M;76105527000142;13867;0
4102406;Bandeirantes;PR;M;76235753000148;31747;0
4102505;Barbosa Ferraz;PR;M;76950062000126;10580;0
4102604;Barracão;PR;M;75666131000101;9903;0
4102703;Barra do Jacaré;PR;M;76407568000193;2872;0
4102752;Bela Vista da Caroba;PR;M;01612441000107;4122;0
4102802;Bela Vista do Paraíso;PR;M;76245067000158;14982;0
4102901;Bituruna;PR;M;81648859000103;15650;0
4103008;Boa Esperança;PR;M;76217017000167;4595;0
4310702;Itatiba do Sul;RS;M;87613402000140;3240;0
4310751;Ivorá;RS;M;92457175000140;1962;0
4310801;Ivoti;RS;M;88254909000117;23566;0
4310850;Jaboticaba;RS;M;92005560000157;3847;0
4310876;Jacuizinho;RS;M;04217901000190;2066;0
4310900;Jacutinga;RS;M;87613394000131;3398;0
4311007;Jaguarão;RS;M;88414552000197;27396;0
4311106;Jaguari;RS;M;87572046000163;10771;0
4311122;Jaquirana;RS;M;92401561000110;3751;0
4311130;Jari;RS;M;01609402000150;3412;0
4311155;Jóia;RS;M;89650121000192;7294;0
4311205;Júlio de Castilhos;RS;M;88227756000119;18545;0
4311239;Lagoa Bonita do Sul;RS;M;04215918000109;2283;0
4311254;Lagoão;RS;M;92406289000161;5421;0
4311270;Lagoa dos Três Cantos;RS;M;94704277000149;1781;0
4311304;Lagoa Vermelha;RS;M;87613626000151;28622;0
4311403;Lajeado;RS;M;87297982000103;96879;0
4311429;Lajeado do Bugre;RS;M;92410448000100;2661;0
4311502;Lavras do Sul;RS;M;88201298000149;7290;0
4311601;Liberato Salzano;RS;M;89030639000123;4845;0
4311627;Lindolfo Collor;RS;M;94707486000146;6420;0
4311643;Linha Nova;RS;M;92123900000144;1721;0
4311700;Machadinho;RS;M;87613576000102;5867;0
4311718;Maçambará;RS;M;01610568000197;4485;0
4311734;Mampituba;RS;M;01613501000106;3203;0
4311759;Manoel Viana;RS;M;91551762000131;6915;0
4311775;Maquiné;RS;M;94436342000100;7593;0
4311791;Maratá;RS;M;93235943000184;2521;0
4311809;Marau;RS;M;87599122000124;46748;0
4311908;Marcelino Ramos;RS;M;87613287000103;4382;0
4311981;Mariana Pimentel;RS;M;94068418000184;4005;0
4312005;Mariano Moro;RS;M;87613386000195;1884;0
4312054;Marques de Souza;RS;M;01607619000121;4050;0
4312104;Mata;RS;M;88485412000100;4782;0
4312138;Mato Castelhano;RS;M;92412808000102;2611;0
4312153;Mato Leitão;RS;M;94577590000163;5001;0
4312179;Mato Queimado;RS;M;04204318000145;1833;0
4312203;Maximiliano de Almeida;RS;M;87613279000167;4251;0
4312252;Minas do Leão;RS;M;91900381000110;7661;0
4312302;Miraguaí;RS;M;87613121000197;4501;0
4312351;Montauri;RS;M;90221565000191;1530;0
4312377;Monte Alegre dos Campos;RS;M;01615314000161;3251;0
4312385;Monte Belo do Sul;RS;M;91987669000174;2608;0
4312401;Montenegro;RS;M;90895905000160;66352;0
4312427;Mormaço;RS;M;92451038000107;2815;0
4312443;Morrinhos do Sul;RS;M;93317980000131;3133;0
4312450;Morro Redondo;RS;M;91558650000102;6168;0
4312476;Morro Reuter;RS;M;94707627000120;6167;0
4312500;Mostardas;RS;M;88000922000140;12347;0
4312609;Muçum;RS;M;88224712000135;4692;0
4312617;Muitos Capões;RS;M;01621714000180;2937;0
4312625;Muliterno;RS;M;92450998000144;1754;0
5101001;Araguaiana;MT;M;03239035000176;4005;0
5101209;Araguainha;MT;M;03947926000187;997;0
5101258;Araputanga;MT;M;15023914000145;14805;0
5101308;Arenápolis;MT;M;24977654000138;10769;0
5101407;Aripuanã;MT;M;03507498000171;26558;0
5101605;Barão de Melgaço;MT;M;03507563000169;7137;0
5101704;Barra do Bugres;MT;M;03507522000172;29406;0
5101803;Barra do Garças;MT;M;03439239000150;73878;0
5101852;Bom Jesus do Araguaia;MT;M;04173952000168;7912;0
5101902;Brasnorte;MT;M;01375138000138;17645;0
5102504;Cáceres;MT;M;03214145000183;91767;0
5102603;Campinápolis;MT;M;00965152000129;15808;0
5102637;Campo Novo do Parecis;MT;M;24772287000136;51722;0
5102678;Campo Verde;MT;M;24950495000188;49053;0
5102686;Campos de Júlio;MT;M;01614516000199;9946;0
5102694;Canabrava do Norte;MT;M;37465200000120;4451;0
5102702;Canarana;MT;M;15023922000191;28324;0
5102793;Carlinda;MT;M;01617905000178;10260;0
5102850;Castanheira;MT;M;24772154000160;7392;0
5103007;Chapada dos Guimarães;MT;M;03507530000119;19458;0
5103056;Cláudia;MT;M;01310499000104;9301;0
5103106;Cocalinho;MT;M;00965145000127;6495;0
5103205;Colíder;MT;M;15023930000138;32054;0
5103254;Colniza;MT;M;04213687000102;26026;0
5103304;Comodoro;MT;M;01367853000129;18469;0
5103353;Confresa;MT;M;37464716000150;38460;0
5103361;Conquista D'Oeste;MT;M;04219688000156;3908;0
5103379;Cotriguaçu;MT;M;37465309000167;10030;0
5103403;Cuiabá;MT;M;03533064000146;691875;1
5103437;Curvelândia;MT;M;04217647000120;4970;0
5103452;Denise;MT;M;03953718000190;6675;0
5103502;Diamantino;MT;M;03648540000174;22623;0
5103601;Dom Aquino;MT;M;03347119000123;7890;0
5103700;Feliz Natal;MT;M;01614088000102;10523;0
5103809;Figueirópolis D'Oeste;MT;M;01367762000193;3056;0
5103858;Gaúcha do Norte;MT;M;01614539000101;9397;0
5103908;General Carneiro;MT;M;03503612000195;6319;0
5103957;Glória D'Oeste;MT;M;37464955000100;2878;0
5104104;Guarantã do Norte;MT;M;03239019000183;31209;0
5104203;Guiratinga;MT;M;03347127000170;10252;0
5104500;Indiavaí;MT;M;03239027000120;2172;0
5104526;Ipiranga do Norte;MT;M;07209245000172;8658;0
5104542;Itanhangá;MT;M;07209225000100;8257;0
5104559;Itaúba;MT;M;03238961000127;5201;0
5104609;Itiquira;MT;M;03370251000156;12587;0
5104807;Jaciara;MT;M;03347135000116;29803;0
5104906;Jangada;MT;M;24772147000168;7413;0
5105002;Jauru;MT;M;15023948000130;7881;0
5105101;Juara;MT;M;15072663000199;36089;0
5105150;Juína;MT;M;15359201000157;48396;0
5105176;Juruena;MT;M;24950461000193;10057;0
5105200;Juscimeira;MT;M;15023955000131;11622;0
5105234;Lambari D'Oeste;MT;M;37465408000149;4662;0
5105259;Lucas do Rio Verde;MT;M;24772246000140;95792;0
5105309;Luciara;MT;M;03503620000131;2616;0
5105507;Vila Bela da Santíssima Trindade;MT;M;03214160000121;17592;0
5105580;Marcelândia;MT;M;03238987000175;11355;0
5105606;Matupá;MT;M;24772188000154;21959;0
5105622;Mirassol d'Oeste;MT;M;03755477000175;27637;0
5105903;Nobres;MT;M;03424272000107;15796;0
5106000;Nortelândia;MT;M;03425170000106;5890;0
5106109;Nossa Senhora do Livramento;MT;M;03507514000126;11658;0
5106158;Nova Bandeirantes;MT;M;33683822000173;14340;0
5106174;Nova Nazaré;MT;M;04202280000171;4575;0
5106182;Nova Lacerda;MT;M;01614519000122;7072;0
5106190;Nova Santa Helena;MT;M;04214704000118;4502;0
5106208;Nova Brasilândia;MT;M;15023963000188;3791;0
5106216;Nova Canaã do Norte;MT;M;03238912000194;11734;0
5106224;Nova Mutum;MT;M;24772162000106;63455;0
5106232;Nova Olímpia;MT;M;03238920000130;16204;0
5106240;Nova Ubiratã;MT;M;01614521000100;9760;0
5106257;Nova Xavantina;MT;M;15024045000173;25915;0
5106265;Novo Mundo;MT;M;01614517000133;6368;0
5106273;Novo Horizonte do Norte;MT;M;03238888000193;3267;0
5106281;Novo São Joaquim;MT;M;03238581000192;7239;0
5106299;Paranaíta;MT;M;03239043000112;12079;0
5106307;Paranatinga;MT;M;15023971000124;28870;0
5106315;Novo Santo Antônio;MT;M;04199966000150;2041;0
5106372;Pedra Preta;MT;M;03773942000109;18946;0
5106422;Peixoto de Azevedo;MT;M;03238631000131;33754;0
5106455;Planalto da Serra;MT;M;37465176000129;3328;0
5106505;Poconé;MT;M;03162872000144;31203;0
5106653;Pontal do Araguaia;MT;M;33000670000167;7441;0
5106703;Ponte Branca;MT;M;03503638000133;2098;0
5106752;Pontes e Lacerda;MT;M;15023989000126;55762;0
5106778;Porto Alegre do Norte;MT;M;03238672000128;12649;0
5106802;Porto dos Gaúchos;MT;M;03204187000133;5705;0
5106828;Porto Esperidião;MT;M;03238904000148;10088;0
5106851;Porto Estrela;MT;M;24740268000128;3141;0
5107008;Poxoréu;MT;M;03408911000140;25103;0
5107040;Primavera do Leste;MT;M;01974088000105;96006;0
5107065;Querência;MT;M;37465002000166;31100;0
5107107;São José dos Quatro Marcos;MT;M;15024029000180;17721;0
5107156;Reserva do Cabaçal;MT;M;01367788000131;2020;0
5107180;Ribeirão Cascalheira;MT;M;24772113000173;10541;0
5107198;Ribeirãozinho;MT;M;15943434000100;2733;0
5107206;Rio Branco;MT;M;15023997000172;4440;0
5107248;Santa Carmem;MT;M;37465283000157;5795;0
5107263;Santo Afonso;MT;M;37464161000146;2416;0
5107297;São José do Povo;MT;M;32972424000104;2716;0
5107305;São José do Rio Claro;MT;M;15024037000127;14455;0
5107354;São José do Xingu;MT;M;37465317000103;6234;0
5107404;São Pedro da Cipa;MT;M;37464948000108;4250;0
5107578;Rondolândia;MT;M;04221486000149;3518;0
5107602;Rondonópolis;MT;M;03347101000121;263708;0
5107701;Rosário Oeste;MT;M;03180924000105;15041;0
5107743;Santa Cruz do Xingu;MT;M;04178518000170;2904;0
5107750;Salto do Céu;MT;M;15024011000189;3657;0
3554953;Tuiuti;SP;M;67160481000173;6976;0
3555000;Tupã;SP;M;44573087000161;65433;0
3555109;Tupi Paulista;SP;M;46465126000132;16259;0
5107768;Santa Rita do Trivelato;MT;M;04205596000117;3536;0
5107776;Santa Terezinha;MT;M;15031669000118;7737;0
5107792;Santo Antônio do Leste;MT;M;04217362000190;4244;0
5107800;Santo Antônio do Leverger;MT;M;03507555000112;16839;0
5107859;São Félix do Araguaia;MT;M;03918869000108;14604;0
5107875;Sapezal;MT;M;01614225000109;32514;0
5107883;Serra Nova Dourada;MT;M;04204945000186;1941;0
5107909;Sinop;MT;M;15024003000132;223780;0
5107925;Sorriso;MT;M;03239076000162;124665;0
5107941;Tabaporã;MT;M;37464997000140;9895;0
5107958;Tangará da Serra;MT;M;03788239000166;114603;0
5108006;Tapurah;MT;M;24772253000141;15638;0
5108055;Terra Nova do Norte;MT;M;01978212000100;10591;0
5108105;Tesouro;MT;M;03543303000149;2935;0
4302709;Butiá;RS;M;88117718000103;19421;0
4302808;Caçapava do Sul;RS;M;88142302000145;33501;0
4302907;Cacequi;RS;M;88604897000103;11300;0
4303004;Cachoeira do Sul;RS;M;87530978000143;82222;0
4303103;Cachoeirinha;RS;M;87990800000185;141503;0
4303202;Cacique Doble;RS;M;87613600000103;4692;0
4303301;Caibaté;RS;M;87613006000112;4795;0
4303400;Caiçara;RS;M;87612925000171;4931;0
4303509;Camaquã;RS;M;88696810000175;63961;0
4303558;Camargo;RS;M;92406099000144;3060;0
4303608;Cambará do Sul;RS;M;88756929000196;6490;0
4303673;Campestre da Serra;RS;M;92868868000126;3311;0
4303707;Campina das Missões;RS;M;87612859000130;5999;0
4303806;Campinas do Sul;RS;M;87613444000180;5388;0
4303905;Campo Bom;RS;M;90832619000155;64719;0
4304002;Campo Novo;RS;M;87613162000183;5063;0
4304101;Campos Borges;RS;M;92406164000131;3695;0
4304200;Candelária;RS;M;87568911000106;29775;0
4304309;Cândido Godói;RS;M;87612842000182;6419;0
4304358;Candiota;RS;M;94702818000108;11012;0
4304408;Canela;RS;M;88585518000185;50715;0
4304507;Canguçu;RS;M;88861430000149;50968;0
4304606;Canoas;RS;M;88577416000118;359840;0
4304614;Canudos do Vale;RS;M;04218263000122;1686;0
4304622;Capão Bonito do Sul;RS;M;04215971000100;1769;0
4304630;Capão da Canoa;RS;M;90836693000140;66234;0
4304655;Capão do Cipó;RS;M;04213779000184;3187;0
4304663;Capão do Leão;RS;M;87691507000117;27416;0
4304671;Capivari do Sul;RS;M;01610503000141;4080;0
4304689;Capela de Santana;RS;M;92122720000148;11424;0
4304697;Capitão;RS;M;94706132000187;2994;0
4304705;Carazinho;RS;M;87613535000116;63670;0
4304713;Caraá;RS;M;01614158000114;7555;0
4304804;Carlos Barbosa;RS;M;88587183000134;31585;0
4304853;Carlos Gomes;RS;M;93539187000187;1384;0
4304903;Casca;RS;M;87596623000157;9698;0
4304952;Caseiros;RS;M;90483058000126;3064;0
4305009;Catuípe;RS;M;87613063000100;8834;0
4305108;Caxias do Sul;RS;M;88830609000139;479599;0
4305116;Centenário;RS;M;93539138000144;2777;0
4305124;Cerrito;RS;M;01612869000150;5910;0
4305132;Cerro Branco;RS;M;92000223000177;3859;0
4305157;Cerro Grande;RS;M;92005545000109;2428;0
4305173;Cerro Grande do Sul;RS;M;92324748000168;9333;0
4305207;Cerro Largo;RS;M;87612990000105;14014;0
4305306;Chapada;RS;M;87613220000179;9751;0
4305355;Charqueadas;RS;M;88743604000179;36110;0
4305371;Charrua;RS;M;92450733000146;2800;0
4305405;Chiapetta;RS;M;87613055000155;3991;0
4305439;Chuí;RS;M;01606399000111;6409;0
4305447;Chuvisca;RS;M;01610869000110;4682;0
4305454;Cidreira;RS;M;90256686000179;17583;0
4305504;Ciríaco;RS;M;88202437000159;4208;0
4305587;Colinas;RS;M;94706140000123;2474;0
4305603;Colorado;RS;M;87613527000170;3316;0
4305702;Condor;RS;M;88437926000190;6538;0
4305801;Constantina;RS;M;87708889000144;10631;0
4305835;Coqueiro Baixo;RS;M;04217860000132;1308;0
4305850;Coqueiros do Sul;RS;M;94703980000132;2248;0
4305871;Coronel Barros;RS;M;94721388000163;2896;0
4305900;Coronel Bicaco;RS;M;87613154000137;6214;0
4305934;Coronel Pilar;RS;M;04215013000139;1637;0
4305959;Cotiporã;RS;M;90898487000164;3926;0
4305975;Coxilha;RS;M;92411933000190;2718;0
4306007;Crissiumal;RS;M;87613147000135;13116;0
4306056;Cristal;RS;M;90152240000102;7455;0
4306072;Cristal do Sul;RS;M;01610515000176;2745;0
4306106;Cruz Alta;RS;M;88775390000112;60454;0
4306130;Cruzaltense;RS;M;04213529000144;1650;0
4306205;Cruzeiro do Sul;RS;M;87297990000150;12574;0
4306304;David Canabarro;RS;M;88203088000190;4400;0
4306320;Derrubadas;RS;M;94442282000120;2793;0
4306353;Dezesseis de Novembro;RS;M;91553966000101;2540;0
4306379;Dilermando de Aguiar;RS;M;01609404000140;2856;0
4306403;Dois Irmãos;RS;M;88254891000153;31804;0
4306429;Dois Irmãos das Missões;RS;M;92411115000197;2132;0
4306452;Dois Lajeados;RS;M;90221524000103;3156;0
4306502;Dom Feliciano;RS;M;88601943000110;13280;0
4306551;Dom Pedro de Alcântara;RS;M;01640339000115;2617;0
4306601;Dom Pedrito;RS;M;87482535000124;38080;0
4306700;Dona Francisca;RS;M;87488938000180;3133;0
4306734;Doutor Maurício Cardoso;RS;M;92465210000173;4534;0
4306759;Doutor Ricardo;RS;M;01613360000121;1924;0
4306767;Eldorado do Sul;RS;M;92324706000127;41012;0
4306809;Encantado;RS;M;88349238000178;23520;0
4306908;Encruzilhada do Sul;RS;M;89363642000169;24275;0
4306924;Engenho Velho;RS;M;94704129000124;1315;0
4306932;Entre-Ijuís;RS;M;89971782000110;9367;0
4306957;Entre Rios do Sul;RS;M;92453927000103;2727;0
4306973;Erebango;RS;M;92453828000113;3122;0
4307005;Erechim;RS;M;87613477000120;109609;0
4307054;Ernestina;RS;M;92406180000124;3097;0
4307104;Herval;RS;M;88080379000138;6302;0
4307203;Erval Grande;RS;M;87613436000134;5027;0
4307302;Erval Seco;RS;M;87613212000122;6892;0
4307401;Esmeralda;RS;M;88225149000110;3264;0
4307450;Esperança do Sul;RS;M;01613464000136;3293;0
4307500;Espumoso;RS;M;87612743000109;15478;0
4307559;Estação;RS;M;92406248000175;5685;0
4307609;Estância Velha;RS;M;88254883000107;49499;0
4307708;Esteio;RS;M;88150495000186;78144;0
4307807;Estrela;RS;M;87246120000151;33263;0
4307815;Estrela Velha;RS;M;01601857000120;3115;0
4307831;Eugênio de Castro;RS;M;89971766000127;2683;0
4307864;Fagundes Varela;RS;M;91566893000192;2620;0
4307906;Farroupilha;RS;M;89848949000150;72552;0
4308003;Faxinal do Soturno;RS;M;88488341000107;6846;0
4308052;Faxinalzinho;RS;M;92453851000108;2572;0
4308078;Fazenda Vilanova;RS;M;01607509000160;4405;0
4220000;Balneário Rincão;SC;M;17243084000197;17697;0
5209150;Gouvelândia;GO;M;25040122000132;4313;0
5209200;Guapó;GO;M;01373497000156;20985;0
5209291;Guaraíta;GO;M;26873059000188;2170;0
5209408;Guarani de Goiás;GO;M;01740588000182;4091;0
5209457;Guarinos;GO;M;01494178000107;2154;0
5209606;Heitoraí;GO;M;02296002000103;3342;0
5209705;Hidrolândia;GO;M;01105329000180;30587;0
5215603;Padre Bernardo;GO;M;01170331000132;37207;0
5215652;Palestina de Goiás;GO;M;24858102000100;3113;0
5215702;Palmeiras de Goiás;GO;M;02394757000132;34375;0
5215801;Palmelo;GO;M;01181239000178;2266;0
5215900;Palminópolis;GO;M;01178573000172;3959;0
5216007;Panamá;GO;M;00079830000156;2432;0
5216304;Paranaiguara;GO;M;02056745000106;7356;0
5216403;Paraúna;GO;M;02394765000189;10727;0
5216452;Perolândia;GO;M;24859324000148;2999;0
5216809;Petrolina de Goiás;GO;M;01825413000178;9519;0
5216908;Pilar de Goiás;GO;M;02647303000126;2254;0
5217104;Piracanjuba;GO;M;01179647000195;25373;0
5217203;Piranhas;GO;M;01168145000169;11940;0
5217302;Pirenópolis;GO;M;01067941000105;28028;0
5217401;Pires do Rio;GO;M;01181585000156;33736;0
5217609;Planaltina;GO;M;01740422000166;112304;0
5217708;Pontalina;GO;M;01791276000106;18763;0
5218003;Porangatu;GO;M;01801612000146;45512;0
5218052;Porteirão;GO;M;01617413000182;4276;0
5218102;Portelândia;GO;M;02317378000149;3191;0
5218300;Posse;GO;M;01743335000162;36291;0
5218391;Professor Jamil;GO;M;37388295000125;3750;0
5218508;Quirinópolis;GO;M;02056737000151;50329;0
5218607;Rialma;GO;M;01135904000197;12665;0
5218706;Rianápolis;GO;M;01300094000187;3893;0
5218789;Rio Quente;GO;M;24852675000127;4033;0
5218805;Rio Verde;GO;M;02056729000105;241494;0
5218904;Rubiataba;GO;M;02382836000123;20186;0
5219001;Sanclerlândia;GO;M;02164804000151;8085;0
5219100;Santa Bárbara de Goiás;GO;M;02264166000140;6306;0
5219209;Santa Cruz de Goiás;GO;M;02669976000187;3004;0
5219258;Santa Fé de Goiás;GO;M;25107517000105;5047;0
5219308;Santa Helena de Goiás;GO;M;02056711000103;39601;0
5219357;Santa Isabel;GO;M;00027722000130;3543;0
5219407;Santa Rita do Araguaia;GO;M;01067990000148;5765;0
5219456;Santa Rita do Novo Destino;GO;M;01612756000154;2611;0
5219506;Santa Rosa de Goiás;GO;M;01761113000172;2828;0
5219605;Santa Tereza de Goiás;GO;M;02073484000124;3172;0
5219704;Santa Terezinha de Goiás;GO;M;01137116000130;10837;0
5219712;Santo Antônio da Barra;GO;M;37275823000130;4279;0
5219738;Santo Antônio de Goiás;GO;M;37623485000180;8066;0
5219753;Santo Antônio do Descoberto;GO;M;00097857000171;75221;0
5219803;São Domingos;GO;M;01068014000100;9457;0
5219902;São Francisco de Goiás;GO;M;02468437000180;6507;0
5220009;São João d'Aliança;GO;M;01313113000100;15026;0
5220058;São João da Paraúna;GO;M;25105222000108;1812;0
5220108;São Luís de Montes Belos;GO;M;02320406000187;35288;0
5220157;São Luiz do Norte;GO;M;25043639000185;4939;0
5220207;São Miguel do Araguaia;GO;M;02391654000119;22040;0
5220264;São Miguel do Passa Quatro;GO;M;24862864000180;4671;0
5220280;São Patrício;GO;M;01616670000108;2200;0
5220405;São Simão;GO;M;02056778000148;17181;0
5220454;Senador Canedo;GO;M;25107525000151;175042;0
5220504;Serranópolis;GO;M;01343086000118;8237;0
5220603;Silvânia;GO;M;01068030000100;23150;0
5220686;Simolândia;GO;M;24855058000185;5634;0
5220702;Sítio d'Abadia;GO;M;01740489000109;2978;0
5221007;Taquaral de Goiás;GO;M;01068055000104;4180;0
5221080;Teresina de Goiás;GO;M;25105339000183;2660;0
5221197;Terezópolis de Goiás;GO;M;36985455000150;8340;0
5221304;Três Ranchos;GO;M;01304286000161;2976;0
5221403;Trindade;GO;M;01217538000115;153560;0
5221452;Trombas;GO;M;25004771000188;3080;0
5221502;Turvânia;GO;M;02321883000167;4449;0
5221551;Turvelândia;GO;M;25107657000183;5171;0
5221577;Uirapuru;GO;M;37622164000160;2798;0
5221601;Uruaçu;GO;M;01219807000182;44533;0
5221700;Uruana;GO;M;02295640000100;13857;0
5221809;Urutaí;GO;M;01763622000134;3700;0
5221858;Valparaíso de Goiás;GO;M;01616319000109;218416;0
5221908;Varjão;GO;M;01218643000179;3770;0
5222005;Vianópolis;GO;M;01299692000183;15644;0
5222054;Vicentinópolis;GO;M;00044834000107;9175;0
5222203;Vila Boa;GO;M;37388378000114;4145;0
5222302;Vila Propício;GO;M;01612817000183;6028;0
5300108;Brasília;DF;M;00394601000126;2996899;1
4314548;Pinto Bandeira;RS;M;04213671000191;2785;0
4212650;Pescaria Brava;SC;M;16780795000138;10615;0
5006275;Paraíso das Águas;MS;M;17361639000103;5842;0
1504752;Mojuí dos Campos;PA;M;17349848000123;25818;0
5101837;Boa Esperança do Norte;MT;M;58673892000171;5877;0
2902658;Banzaê;BA;M;16298614000131;12288;0
2415008;Vila Flor;RN;M;08169278000107;3304;0
1101450;Parecis;RO;M;84745363000146;4372;0
3521309;Ipuã;SP;M;49556863000139;14701;0
5209804;Hidrolina;GO;M;01067230000130;3477;0
5209903;Iaciara;GO;M;01740448000104;10289;0
5209937;Inaciolândia;GO;M;26923755000151;6076;0
5209952;Indiara;GO;M;00005959000110;17985;0
5210000;Inhumas;GO;M;01153030000109;53884;0
5210109;Ipameri;GO;M;01763606000141;26223;0
5210158;Ipiranga de Goiás;GO;M;04215377000119;2968;0
5210208;Iporá;GO;M;01157536000188;37283;0
5210307;Israelândia;GO;M;01067248000132;2515;0
5210406;Itaberaí;GO;M;02451938000153;47603;0
5210562;Itaguari;GO;M;24850109000186;5120;0
5210604;Itaguaru;GO;M;01067255000134;4837;0
5210802;Itajá;GO;M;02186757000147;4276;0
5210901;Itapaci;GO;M;01134808000124;21891;0
5211008;Itapirapuã;GO;M;02024933000144;8133;0
5211206;Itapuranga;GO;M;01146604000103;26553;0
5211305;Itarumã;GO;M;01067271000127;6124;0
5211404;Itauçu;GO;M;00167437000114;7636;0
5211503;Itumbiara;GO;M;02204196000161;113322;0
5211602;Ivolândia;GO;M;02321891000103;2731;0
5211701;Jandaia;GO;M;02879138000138;6365;0
5211800;Jaraguá;GO;M;01223916000173;46633;0
5211909;Jataí;GO;M;01165729000180;111634;0
5212006;Jaupaci;GO;M;01767342000102;2939;0
5212055;Jesúpolis;GO;M;37623501000134;2112;0
5212105;Joviânia;GO;M;02029957000196;7247;0
5212204;Jussara;GO;M;02922128000138;19926;0
5212253;Lagoa Santa;GO;M;04215178000100;1435;0
5212303;Leopoldo de Bulhões;GO;M;01067305000183;9123;0
5212501;Luziânia;GO;M;01169416000109;221262;0
5212600;Mairipotaba;GO;M;01067842000123;2631;0
5212709;Mambaí;GO;M;01740463000152;8493;0
5212808;Mara Rosa;GO;M;00007468000108;10806;0
5212907;Marzagão;GO;M;01174580000104;2942;0
5212956;Matrinchã;GO;M;24850216000104;4004;0
5213004;Maurilândia;GO;M;02056752000108;10145;0
5213053;Mimoso de Goiás;GO;M;25053430000100;2626;0
5213087;Minaçu;GO;M;02215275000178;26616;0
5213103;Mineiros;GO;M;02316537000190;74999;0
5213400;Moiporá;GO;M;02321909000177;1687;0
5213509;Monte Alegre de Goiás;GO;M;01126341000170;6534;0
5213707;Montes Claros de Goiás;GO;M;01767722000139;9024;0
5213756;Montividiu;GO;M;25043571000134;13094;0
5213772;Montividiu do Norte;GO;M;25005166000121;3743;0
5213806;Morrinhos;GO;M;01789551000149;54326;0
5213855;Morro Agudo de Goiás;GO;M;25043621000183;2505;0
5213905;Mossâmedes;GO;M;02267698000131;4626;0
5214002;Mozarlândia;GO;M;01135227000107;15199;0
5214051;Mundo Novo;GO;M;00163055000112;6202;0
5214101;Mutunópolis;GO;M;01799683000151;3540;0
5214408;Nazário;GO;M;01373620000139;8349;0
5214507;Nerópolis;GO;M;01105626000125;34273;0
5214606;Niquelândia;GO;M;02215895000107;33890;0
5214705;Nova América;GO;M;01135409000188;2380;0
5214804;Nova Aurora;GO;M;01303619000138;2132;0
5214838;Nova Crixás;GO;M;00236968000111;13153;0
5214861;Nova Glória;GO;M;00098095000128;8356;0
5214879;Nova Iguaçu de Goiás;GO;M;33331661000159;3084;0
5214903;Nova Roma;GO;M;01067925000112;3022;0
5215009;Nova Veneza;GO;M;01123678000124;9883;0
5215207;Novo Brasil;GO;M;00006874000156;3567;0
5215231;Novo Gama;GO;M;01629276000104;107663;0
5215256;Novo Planalto;GO;M;25041005000193;3703;0
5215306;Orizona;GO;M;02385839000110;17035;0
5215405;Ouro Verde de Goiás;GO;M;01485531000184;4109;0
5215504;Ouvidor;GO;M;01131010000129;7665;0
5201207;Anhanguera;GO;M;01127430000131;913;0
5201306;Anicuns;GO;M;02262368000153;18306;0
5201405;Aparecida de Goiânia;GO;M;01005727000124;556021;0
5201454;Aparecida do Rio Doce;GO;M;24859316000100;3045;0
5201504;Aporé;GO;M;02186336000116;4488;0
5201603;Araçu;GO;M;01318898000103;3840;0
5201702;Aragarças;GO;M;02125227000199;18601;0
5201801;Aragoiânia;GO;M;01215474000113;12806;0
5202155;Araguapaz;GO;M;00163147000100;7152;0
5202353;Arenópolis;GO;M;00007914000184;2904;0
5202502;Aruanã;GO;M;01067081000100;8570;0
5202601;Aurilândia;GO;M;02320364000184;3237;0
5202809;Avelinópolis;GO;M;01215839000100;2993;0
5203104;Baliza;GO;M;01067131000159;3306;0
5203203;Barro Alto;GO;M;02355675000189;10853;0
5203302;Bela Vista de Goiás;GO;M;01005917000141;37305;0
5203401;Bom Jardim de Goiás;GO;M;02186708000104;7775;0
5203500;Bom Jesus de Goiás;GO;M;01149624000138;24925;0
5203559;Bonfinópolis;GO;M;24857096000177;11025;0
5203575;Bonópolis;GO;M;01634272000106;3289;0
5203609;Brazabrantes;GO;M;01756741000160;4201;0
5203807;Britânia;GO;M;02296325000199;5798;0
5203906;Buriti Alegre;GO;M;01345909000144;10930;0
5203939;Buriti de Goiás;GO;M;26867770000120;2800;0
5203962;Buritinópolis;GO;M;24856569000111;3140;0
5204003;Cabeceiras;GO;M;01740430000102;7689;0
5204102;Cachoeira Alta;GO;M;02056760000146;11854;0
5204201;Cachoeira de Goiás;GO;M;02164820000144;1417;0
5204250;Cachoeira Dourada;GO;M;00079806000117;7762;0
5204300;Caçu;GO;M;01164292000160;14034;0
5204409;Caiapônia;GO;M;01164946000156;16628;0
5204508;Caldas Novas;GO;M;01787506000155;106820;0
5204557;Caldazinha;GO;M;37622149000112;4819;0
5204607;Campestre de Goiás;GO;M;02262236000121;3879;0
5204656;Campinaçu;GO;M;00145789000179;3760;0
5204706;Campinorte;GO;M;02215747000192;12983;0
5204805;Campo Alegre de Goiás;GO;M;01763614000198;7807;0
5204854;Campo Limpo de Goiás;GO;M;04216593000189;8579;0
5204904;Campos Belos;GO;M;01126143000107;18227;0
5204953;Campos Verdes;GO;M;01493998000176;3822;0
5205000;Carmo do Rio Verde;GO;M;02542538000153;9988;0
5205059;Castelândia;GO;M;37275849000188;2871;0
5205109;Catalão;GO;M;01505643000150;122760;0
5205208;Caturaí;GO;M;01319326000149;5352;0
5205307;Cavalcante;GO;M;01738772000198;9730;0
5205406;Ceres;GO;M;01131713000157;22570;0
5205455;Cezarina;GO;M;25043530000148;8301;0
5205471;Chapadão do Céu;GO;M;24859332000194;14321;0
5205497;Cidade Ocidental;GO;M;36862621000121;101570;0
5205513;Cocalzinho de Goiás;GO;M;36985463000105;27196;0
5205521;Colinas do Sul;GO;M;25105255000140;4188;0
5205703;Córrego do Ouro;GO;M;02321115000103;2441;0
5205802;Corumbá de Goiás;GO;M;01118850000151;10724;0
5205901;Corumbaíba;GO;M;01302603000100;9484;0
5206206;Cristalina;GO;M;01138122000101;66827;0
5206305;Cristianópolis;GO;M;01180645000116;3670;0
5206404;Crixás;GO;M;02382067000163;17532;0
5206503;Cromínia;GO;M;02073211000180;3999;0
5206602;Cumari;GO;M;01302728000130;2951;0
5206701;Damianópolis;GO;M;01740505000155;3917;0
5206800;Damolândia;GO;M;01067164000107;2753;0
5206909;Davinópolis;GO;M;01130277000100;1889;0
5207105;Diorama;GO;M;01335363000140;1991;0
5207253;Doverlândia;GO;M;00078790000128;6823;0
5207352;Edealina;GO;M;24852618000148;4104;0
5207402;Edéia;GO;M;01788082000143;11982;0
5207501;Estrela do Norte;GO;M;01800465000190;3214;0
5207535;Faina;GO;M;25141318000113;7167;0
5207600;Fazenda Nova;GO;M;01915313000132;5842;0
5207808;Firminópolis;GO;M;02321917000113;10274;0
5207907;Flores de Goiás;GO;M;01740497000147;14273;0
5208004;Formosa;GO;M;01738780000134;121559;0
5208103;Formoso;GO;M;02395812000109;4662;0
5208152;Gameleira de Goiás;GO;M;04223461000184;3563;0
5208301;Divinópolis de Goiás;GO;M;01067206000100;4405;0
5208400;Goianápolis;GO;M;02506012000118;14758;0
5208509;Goiandira;GO;M;01303221000100;4962;0
5208608;Goianésia;GO;M;01065846000172;78009;0
5208707;Goiânia;GO;M;01612092000123;1503256;1
5208806;Goianira;GO;M;01291707000167;81495;0
5208905;Goiás;GO;M;02295772000123;24172;0
5209101;Goiatuba;GO;M;01753722000180;36984;0
4318101;São Francisco de Assis;RS;M;87896882000101;17934;0
4318200;São Francisco de Paula;RS;M;88756879000147;22388;0
4318309;São Gabriel;RS;M;88768080000170;60090;0
4318408;São Jerônimo;RS;M;88117700000101;21412;0
4318424;São João da Urtiga;RS;M;90483082000165;4547;0
4318432;São João do Polêsine;RS;M;94444247000140;2708;0
4318440;São Jorge;RS;M;91566851000151;2976;0
4318457;São José das Missões;RS;M;92410463000140;2399;0
4318465;São José do Herval;RS;M;92406511000126;1931;0
4318481;São José do Hortêncio;RS;M;92122753000198;4555;0
4318499;São José do Inhacorá;RS;M;94187358000119;2466;0
4318507;São José do Norte;RS;M;88568902000170;26248;0
4318606;São José do Ouro;RS;M;87613550000164;6978;0
4318614;São José do Sul;RS;M;04208358000165;2443;0
4318622;São José dos Ausentes;RS;M;92868850000124;4295;0
4318705;São Leopoldo;RS;M;89814693000160;225737;0
4318804;São Lourenço do Sul;RS;M;87893111000152;43278;0
4318903;São Luiz Gonzaga;RS;M;87613022000105;35865;0
4319000;São Marcos;RS;M;88818299000137;21549;0
4319109;São Martinho;RS;M;87613097000196;5587;0
4319125;São Martinho da Serra;RS;M;94444403000173;2908;0
4319158;São Miguel das Missões;RS;M;89971758000180;7193;0
4319208;São Nicolau;RS;M;87612966000168;5243;0
4319307;São Paulo das Missões;RS;M;87613642000144;5943;0
4319356;São Pedro da Serra;RS;M;93235968000188;3618;0
4319364;São Pedro das Missões;RS;M;04229729000195;1790;0
4319372;São Pedro do Butiá;RS;M;93592715000161;3142;0
4319406;São Pedro do Sul;RS;M;87489910000168;15863;0
4319505;São Sebastião do Caí;RS;M;88370879000104;24898;0
4319604;São Sepé;RS;M;97229181000164;21551;0
4319703;São Valentim;RS;M;87613378000149;3320;0
4319711;São Valentim do Sul;RS;M;92902055000105;2255;0
4319737;São Valério do Sul;RS;M;94442241000134;2593;0
4319752;São Vendelino;RS;M;91984492000152;2309;0
4319802;São Vicente do Sul;RS;M;87572079000103;8257;0
4319901;Sapiranga;RS;M;87366159000102;77935;0
4320008;Sapucaia do Sul;RS;M;88185020000125;136572;0
4320107;Sarandi;RS;M;97320030000117;23374;0
4320206;Seberi;RS;M;87613196000178;12325;0
4320230;Sede Nova;RS;M;91997056000118;2750;0
4320263;Segredo;RS;M;92000215000120;6098;0
4320305;Selbach;RS;M;87613501000121;5222;0
4320321;Senador Salgado Filho;RS;M;01611536000106;2725;0
4320354;Sentinela do Sul;RS;M;94068277000108;5424;0
4320404;Serafina Corrêa;RS;M;88597984000180;17407;0
4320453;Sério;RS;M;94706033000103;2089;0
4320503;Sertão;RS;M;87614269000146;5630;0
4320552;Sertão Santana;RS;M;94068236000103;5989;0
4320578;Sete de Setembro;RS;M;01612776000125;1881;0
4320602;Severiano de Almeida;RS;M;87613360000147;3463;0
4320651;Silveira Martins;RS;M;92457217000143;2056;0
4320677;Sinimbu;RS;M;94577632000166;8685;0
4320701;Sobradinho;RS;M;87592861000194;14512;0
4320800;Soledade;RS;M;87738530000110;30939;0
4320859;Tabaí;RS;M;01615515000169;4569;0
4320909;Tapejara;RS;M;87615449000142;25256;0
4321006;Tapera;RS;M;87613493000113;10824;0
4321105;Tapes;RS;M;88811948000178;14920;0
4321204;Taquara;RS;M;97761407000173;54353;0
4321303;Taquari;RS;M;88067780000138;25963;0
4321329;Taquaruçu do Sul;RS;M;92403567000127;3192;0
4321352;Tavares;RS;M;88427018000115;5319;0
4321402;Tenente Portela;RS;M;87613089000140;14820;0
4321436;Terra de Areia;RS;M;90256660000120;10575;0
4321451;Teutônia;RS;M;88661400000199;34023;0
4321469;Tio Hugo;RS;M;04207638000159;3358;0
4321477;Tiradentes do Sul;RS;M;94726320000177;5188;0
4321493;Toropi;RS;M;01539271000182;2594;0
4321501;Torres;RS;M;87876801000101;43344;0
4321600;Tramandaí;RS;M;88771001000180;56430;0
4321626;Travesseiro;RS;M;94706124000130;2192;0
4321634;Três Arroios;RS;M;92453810000111;2636;0
4321667;Três Cachoeiras;RS;M;91103127000191;11224;0
4321709;Três Coroas;RS;M;88199971000153;24428;0
4321808;Três de Maio;RS;M;87612800000141;25466;0
4321832;Três Forquilhas;RS;M;93317998000133;2813;0
4321857;Três Palmeiras;RS;M;92399112000185;4829;0
4321907;Três Passos;RS;M;87613188000121;26304;0
4321956;Trindade do Sul;RS;M;92399211000167;7785;0
4322004;Triunfo;RS;M;88363189000128;28435;0
4322103;Tucunduva;RS;M;87612792000133;5646;0
4322152;Tunas;RS;M;92406438000192;3732;0
4322186;Tupanci do Sul;RS;M;90484320000157;1396;0
4322202;Tupanciretã;RS;M;88227764000165;20324;0
4322251;Tupandi;RS;M;92122712000100;5172;0
4322301;Tuparendi;RS;M;87613634000106;8535;0
